player,team,Matches Played,Goals,Assists,Shots,Shots on Target,Passes Completed,Pass Completion %,Tackles,Tackles Won,Interceptions,Shots Blocked,Clearances,Touches,Defensive Touches,Midfield Touches,Attacking Touches,Successful Take-Ons,Successful Take-On %,Saves,Save %,Penalty Kicks Saved,Penalty Kick Save %,Minutes Played,Starts,Yellow Cards,Red Cards,Short Passes Completed,Short Pass Completion %,Medium Passes Completed,Medium Pass Completion %,Long Passes Completed,Long Pass Completion %,Shots on Target %,Shots per 90,Goals per Shot,Free Kicks Taken,Carries,Penalties Made
Aaron Cresswell,West Ham,18,0,0,5,0,504,82.6,11,7,8,4,37,687,270,328,94,1,50.0,,,,,824,10,3,0,229,92.0,212,88.0,58,54.2,0.0,0.0,0.0,2,291,0
Aaron Ramsdale,Southampton,30,0,0,0,0,774,63.3,0,0,2,0,10,1314,1286,32,0,0,,120,67.6,2,28.6,2700,30,2,0,209,99.5,302,96.5,257,37.5,,0.0,,0,786,0
Aaron Wan-Bissaka,West Ham,36,2,5,16,5,1472,81.1,70,49,66,11,125,2256,682,969,637,64,52.5,,,,,3154,35,1,0,953,90.2,449,81.6,48,45.7,31.3,0.14,0.13,0,1092,0
Abdoulaye Doucouré,Everton,33,3,2,31,9,725,80.3,48,28,10,6,20,1161,225,538,413,24,53.3,,,,,2564,31,5,1,382,85.7,263,83.2,44,73.3,29.0,0.32,0.1,0,604,0
Abdukodir Khusanov,Manchester City,6,0,0,1,0,360,91.1,5,4,3,4,29,445,205,211,31,0,0.0,,,,,503,6,1,0,160,94.7,191,97.0,6,26.1,0.0,0.0,0.0,0,274,0
Abdul Fatawu Issahaku,Leicester City,11,0,2,13,5,123,62.4,21,15,4,0,12,326,73,114,157,29,42.0,,,,,579,6,0,0,59,72.8,45,76.3,16,48.5,38.5,0.78,0.0,0,217,0
Adam Armstrong,Southampton,20,2,2,25,7,231,80.2,12,3,3,1,8,377,44,143,192,6,42.9,,,,,1248,15,4,0,138,87.3,81,85.3,6,46.2,28.0,0.5,0.08,0,235,0
Adam Lallana,Southampton,14,0,2,3,0,221,85.0,8,5,5,1,5,318,91,155,73,5,41.7,,,,,361,5,4,0,147,89.1,61,91.0,4,44.4,0.0,0.0,0.0,0,178,0
Adam Smith,Bournemouth,25,0,0,3,0,514,75.7,24,12,15,5,49,825,240,394,197,6,37.5,,,,,1590,19,7,0,244,88.7,222,79.6,32,36.0,0.0,0.0,0.0,0,366,0
Adam Webster,Brighton,14,0,0,5,1,636,87.7,10,6,20,9,41,824,389,399,43,1,33.3,,,,,887,11,1,0,242,94.2,333,94.1,53,54.6,20.0,0.1,0.0,0,476,0
Adam Wharton,Crystal Palace,20,0,2,13,5,548,75.6,34,14,20,2,27,872,204,463,212,2,20.0,,,,,1318,16,2,0,208,82.5,258,80.1,70,65.4,38.5,0.34,0.0,0,430,0
Adama Traoré,Fulham,36,2,7,39,12,424,72.2,20,13,1,0,6,801,83,285,455,48,49.5,,,,,1772,18,3,0,236,82.5,143,73.7,30,55.6,30.8,0.61,0.05,0,538,0
Albert Grønbaek,Southampton,4,0,0,2,0,13,72.2,4,1,0,1,1,38,9,14,15,0,0.0,,,,,143,2,0,0,9,81.8,2,50.0,0,,0.0,0.0,0.0,0,18,0
Alejandro Garnacho,Manchester Utd,36,6,2,84,29,649,78.9,30,18,13,0,11,1159,130,364,683,26,29.2,,,,,2199,23,3,0,405,88.4,183,82.1,31,59.6,34.5,1.19,0.07,0,840,0
Alex Iwobi,Fulham,38,9,6,68,29,1150,75.1,44,25,14,1,29,1861,244,748,895,48,49.5,,,,,2981,35,1,0,582,86.7,448,78.0,98,53.3,42.6,0.88,0.13,0,1312,0
Alex McCarthy,Southampton,5,0,0,0,0,117,75.0,0,0,0,0,1,173,173,0,0,0,,24,70.3,0,0.0,450,5,0,0,41,95.3,45,91.8,30,49.2,,0.0,,0,100,0
Alex Palmer,Ipswich Town,13,0,0,0,0,299,70.7,0,0,0,0,12,470,461,10,0,0,,43,59.2,0,0.0,1170,13,2,0,60,96.8,142,100.0,96,44.0,,0.0,,0,210,0
Alex Scott,Bournemouth,20,0,0,15,6,286,83.6,27,14,10,4,15,485,90,257,144,6,23.1,,,,,755,8,3,0,142,89.3,112,92.6,20,57.1,40.0,0.72,0.0,1,247,0
Alexander Isak,Newcastle Utd,34,23,6,95,41,519,75.3,12,5,3,2,17,1025,57,386,596,42,46.2,,,,,2756,34,1,0,306,84.1,163,78.7,26,61.9,43.2,1.34,0.2,3,615,4
Alexis Mac Allister,Liverpool,35,5,5,38,13,1273,83.5,95,58,22,6,29,1860,284,960,637,16,38.1,,,,,2599,30,6,0,658,90.3,493,88.4,89,55.6,34.2,0.45,0.13,1,914,0
Alfie Dorrington,Tottenham,1,0,0,0,0,15,93.8,0,0,0,0,0,16,11,5,0,0,,,,,,14,0,0,0,6,85.7,7,100.0,2,100.0,,0.0,,0,12,0
Alfie Pond,Wolves,1,0,0,0,0,1,100.0,0,0,0,0,0,1,0,1,0,0,,,,,,1,0,0,0,0,,1,100.0,0,,,0.0,,0,1,0
Ali Al Hamadi,Ipswich Town,11,0,0,4,0,25,83.3,1,0,0,0,2,53,6,20,30,4,57.1,,,,,134,0,3,0,20,87.0,5,71.4,0,,0.0,0.0,0.0,0,29,0
Alisson,Liverpool,28,0,0,0,0,794,82.8,1,0,0,0,13,1011,991,20,0,1,100.0,73,72.0,0,0.0,2508,28,0,0,229,98.7,426,98.4,137,47.4,,0.0,,0,658,0
Alphonse Areola,West Ham,26,0,0,0,0,688,69.6,2,2,0,0,15,1049,1038,12,0,0,,77,64.3,0,,2260,25,0,0,153,99.4,334,95.4,198,41.9,,0.0,,0,601,0
Altay Bayındır,Manchester Utd,4,0,0,0,0,92,60.5,0,0,0,0,9,168,166,2,0,0,,8,41.2,0,,360,4,0,0,13,100.0,52,94.5,26,32.1,,0.0,,0,110,0
Amad Diallo,Manchester Utd,26,8,6,47,17,795,83.8,38,31,11,2,19,1207,175,443,607,41,46.6,,,,,1901,20,5,0,493,91.0,227,86.0,40,55.6,36.2,0.8,0.17,0,782,0
Amadou Onana,Aston Villa,26,3,0,17,6,703,87.7,55,30,26,7,41,998,269,586,159,14,70.0,,,,,1617,20,4,0,365,92.9,290,89.2,34,70.8,35.3,0.33,0.18,0,553,0
Andreas Pereira,Fulham,33,2,4,38,8,670,69.1,24,13,8,2,17,1148,169,466,531,14,46.7,,,,,2013,25,7,0,310,83.6,258,79.1,89,40.8,21.1,0.36,0.05,6,578,0
Andrew Robertson,Liverpool,33,0,1,15,2,1559,82.7,39,22,21,4,54,2084,539,940,620,7,38.9,,,,,2482,29,3,1,760,94.3,672,86.3,110,46.4,13.3,0.07,0.0,0,1107,0
André,Wolves,33,0,0,10,1,1247,92.9,91,55,37,8,30,1623,439,1046,155,16,50.0,,,,,2472,31,7,0,646,95.4,475,95.0,80,81.6,10.0,0.04,0.0,0,912,0
André Onana,Manchester Utd,34,0,0,0,0,948,72.6,2,2,0,0,11,1371,1350,22,0,1,100.0,88,68.9,1,25.0,3060,34,0,0,220,99.1,524,99.1,199,36.6,,0.0,,0,961,0
Andrés García,Aston Villa,7,0,0,2,0,174,86.6,9,5,2,0,10,256,38,108,112,5,27.8,,,,,318,5,0,0,89,92.7,74,90.2,7,53.8,0.0,0.0,0.0,0,159,0
Andy Irving,West Ham,10,0,0,4,2,109,87.9,7,4,1,1,5,150,37,89,24,1,100.0,,,,,166,1,2,0,61,95.3,36,83.7,9,100.0,50.0,1.08,0.0,0,73,0
Anthony Elanga,Nott'ham Forest,38,6,11,44,24,540,65.3,19,14,6,1,25,1115,136,319,679,25,30.1,,,,,2501,31,1,0,318,82.2,150,64.7,46,35.1,54.5,0.86,0.14,6,600,0
Anthony Gordon,Newcastle Utd,34,6,5,57,16,720,73.3,32,18,7,2,9,1267,125,475,687,38,36.9,,,,,2434,28,2,0,397,85.6,244,78.2,56,44.8,28.1,0.59,0.09,1,818,1
Antoine Semenyo,Bournemouth,37,11,5,125,40,821,73.4,55,35,11,9,39,1653,206,573,909,69,51.1,,,,,3203,36,9,0,501,85.5,252,75.4,37,38.1,32.0,1.12,0.09,0,979,0
Antonee Robinson,Fulham,36,0,10,16,2,1595,76.8,95,61,62,9,133,2523,828,942,788,38,45.8,,,,,3167,35,8,0,763,86.6,678,79.5,134,56.1,12.5,0.06,0.0,0,1343,0
Antony,Manchester Utd,8,0,0,6,3,56,81.2,6,3,2,0,0,101,22,26,54,4,36.4,,,,,141,0,0,0,45,88.2,9,64.3,1,100.0,50.0,1.91,0.0,0,60,0
Antonín Kinský,Tottenham,6,0,0,0,0,167,77.0,3,1,0,0,9,237,234,3,0,0,,23,65.6,0,,540,6,0,0,27,100.0,98,97.0,38,45.8,,0.0,,0,144,0
Archie Gray,Tottenham,28,0,0,1,1,1001,87.4,16,8,19,11,50,1286,609,582,106,7,53.8,,,,,1751,19,1,0,389,92.0,537,92.0,59,57.3,100.0,0.05,0.0,0,878,0
Arijanet Muric,Ipswich Town,18,0,0,0,0,454,71.7,0,0,0,0,10,689,672,18,0,0,,67,70.0,0,0.0,1620,18,1,0,122,100.0,215,97.3,115,40.6,,0.0,,0,405,0
Armando Broja,Everton,10,0,0,4,0,53,72.6,3,1,1,0,4,127,14,47,72,8,50.0,,,,,334,4,1,0,35,77.8,10,83.3,2,66.7,0.0,0.0,0.0,0,64,0
Armel Bella Kotchap,Southampton,4,0,0,1,0,202,90.2,7,5,5,2,21,263,147,115,3,0,0.0,,,,,331,2,0,0,65,98.5,119,96.7,16,55.2,0.0,0.0,0.0,0,186,0
Asher Agbinone,Crystal Palace,2,0,0,1,0,2,66.7,2,1,0,0,0,8,0,2,6,0,0.0,,,,,6,0,0,0,1,100.0,1,50.0,0,,0.0,0.0,0.0,0,5,0
Ashley Young,Everton,32,1,3,6,3,708,70.9,58,33,25,4,64,1194,369,528,305,7,35.0,,,,,1875,19,7,1,337,88.7,272,76.2,92,43.0,50.0,0.14,0.17,3,487,0
Axel Disasi,Aston Villa,7,0,0,2,0,243,86.8,8,5,5,1,18,334,130,178,29,9,60.0,,,,,490,5,2,0,103,94.5,131,89.7,8,53.3,0.0,0.0,0.0,0,207,0
Axel Disasi,Chelsea,6,1,0,2,1,266,90.8,7,4,2,1,11,323,110,175,40,1,100.0,,,,,364,4,1,0,136,94.4,117,92.9,9,69.2,50.0,0.25,0.5,0,196,0
Axel Tuanzebe,Ipswich Town,22,0,1,4,0,682,83.8,31,19,23,10,56,971,407,426,145,4,40.0,,,,,1710,20,5,1,380,91.3,260,82.8,28,57.1,0.0,0.0,0.0,0,402,0
Ayden Heaven,Manchester Utd,4,0,0,2,0,90,84.9,4,3,4,2,9,136,68,60,10,2,50.0,,,,,170,2,1,0,35,89.7,51,91.1,3,42.9,0.0,0.0,0.0,0,95,0
Bart Verbruggen,Brighton,36,0,1,0,0,1011,76.9,0,0,0,0,29,1406,1392,14,0,2,100.0,87,65.7,0,0.0,3240,36,5,0,287,99.3,476,98.3,242,45.8,,0.0,,0,955,0
Ben Brereton,Southampton,10,0,0,11,1,128,77.1,3,2,0,1,4,206,19,76,112,1,25.0,,,,,449,4,1,0,83,87.4,36,67.9,7,63.6,9.1,0.2,0.0,0,136,0
Ben Chilwell,Crystal Palace,8,1,0,5,3,92,73.6,7,6,6,2,16,175,63,76,42,2,33.3,,,,,259,1,1,0,48,87.3,36,80.0,6,33.3,60.0,1.04,0.2,2,68,0
Ben Davies,Tottenham,17,0,0,5,1,896,87.6,17,11,12,19,81,1186,643,495,48,1,100.0,,,,,1331,14,5,0,302,90.1,501,94.5,77,62.1,20.0,0.07,0.0,0,664,0
Ben Godfrey,Ipswich Town,3,0,0,0,0,47,82.5,1,0,2,1,3,68,26,33,9,0,,,,,,159,2,1,0,30,90.9,16,88.9,0,,,0.0,,0,33,0
Ben Johnson,Ipswich Town,23,1,2,7,3,298,71.6,38,22,13,5,54,626,246,220,163,8,33.3,,,,,1354,14,5,1,170,86.3,101,74.8,24,49.0,42.9,0.2,0.14,0,259,0
Ben Mee,Brentford,7,0,0,0,0,93,77.5,2,2,4,3,7,138,66,62,11,0,,,,,,183,2,2,0,34,89.5,51,85.0,8,40.0,,0.0,,0,78,0
Ben White,Arsenal,17,0,2,9,2,580,83.8,20,14,16,8,44,813,214,367,238,0,0.0,,,,,1198,13,2,0,309,91.7,234,84.8,24,48.0,22.2,0.15,0.0,0,394,0
Ben Winterburn,Bournemouth,4,0,0,0,0,5,71.4,0,0,2,0,0,9,2,5,2,0,,,,,,24,0,0,0,2,66.7,3,75.0,0,,,0.0,,0,6,0
Benoît Badiashile,Chelsea,5,0,0,0,0,273,89.8,9,6,6,2,12,336,138,186,13,0,0.0,,,,,334,3,0,0,111,93.3,135,93.8,21,65.6,,0.0,,0,177,0
Bernardo Silva,Manchester City,33,4,4,32,11,1547,86.8,56,37,23,7,32,2054,355,843,876,28,45.9,,,,,2670,29,7,0,877,92.4,554,87.4,82,66.1,34.4,0.37,0.13,0,1288,0
Bernd Leno,Fulham,38,0,1,0,0,1149,81.8,2,2,0,0,11,1479,1466,13,0,0,,106,67.9,1,25.0,3420,38,5,0,227,99.6,683,98.8,227,48.2,,0.0,,0,955,0
Beto,Everton,30,8,0,49,23,156,58.2,14,6,4,2,24,520,51,233,242,19,50.0,,,,,1534,15,2,0,92,67.2,44,53.0,7,77.8,46.9,1.35,0.16,0,267,0
Bilal El Khannouss,Leicester City,32,2,3,30,7,798,75.1,50,30,6,4,10,1268,183,655,445,34,56.7,,,,,2182,27,4,0,372,85.7,306,80.3,101,59.4,23.3,0.29,0.07,0,732,0
Billy Gilmour,Brighton,2,0,0,1,0,58,86.6,3,3,0,0,1,73,14,46,13,1,50.0,,,,,98,1,0,0,36,94.7,18,81.8,4,57.1,0.0,0.0,0.0,1,44,0
Bobby De Cordova-Reid,Leicester City,23,1,2,7,3,145,70.4,9,4,0,1,10,272,49,114,109,0,0.0,,,,,744,9,2,0,88,81.5,39,73.6,5,33.3,42.9,0.36,0.14,0,174,0
Boubacar Kamara,Aston Villa,26,1,0,10,3,825,88.6,50,21,19,7,51,1113,344,637,141,9,33.3,,,,,1726,20,2,0,421,92.7,357,91.5,34,54.8,30.0,0.16,0.1,0,591,0
Boubacar Traoré,Wolves,1,0,0,0,0,0,,2,0,0,0,0,2,0,2,0,0,,,,,,1,0,0,0,0,,0,,0,,,0.0,,0,0,0
Boubakary Soumaré,Leicester City,31,0,0,7,0,1073,87.0,37,20,27,10,34,1441,386,903,166,27,60.0,,,,,2171,25,8,0,581,91.9,414,87.9,42,70.0,0.0,0.0,0.0,0,847,0
Brajan Gruda,Brighton,21,1,4,11,5,187,74.5,16,8,2,0,5,344,38,120,192,13,43.3,,,,,687,8,0,0,108,84.4,46,73.0,18,50.0,45.5,0.66,0.09,2,202,0
Brandon Austin,Tottenham,1,0,0,0,0,22,68.8,0,0,0,0,1,36,36,0,0,0,,2,50.0,0,,90,1,0,0,7,100.0,9,100.0,6,37.5,,0.0,,0,22,0
Brennan Johnson,Tottenham,33,11,3,54,20,449,70.4,39,26,4,3,14,853,98,292,475,19,43.2,,,,,2177,24,5,0,274,80.4,144,75.4,11,32.4,37.0,0.83,0.2,0,544,0
Bruno Fernandes,Manchester Utd,36,8,10,93,26,1707,76.1,84,50,26,6,35,2649,428,1263,983,28,41.8,,,,,3018,35,5,2,802,87.3,629,81.8,223,55.1,28.0,0.78,0.05,12,1542,3
Bruno Guimarães,Newcastle Utd,38,5,6,45,13,1481,82.4,83,47,29,10,44,2213,445,1131,662,34,43.6,,,,,3271,38,7,0,736,90.9,581,86.7,118,58.7,28.9,0.36,0.11,0,1400,0
Bryan Mbeumo,Brentford,38,20,7,79,34,872,66.1,49,31,14,3,55,1781,246,567,998,52,46.8,,,,,3414,38,3,0,476,79.1,313,71.0,68,37.2,43.0,0.9,0.19,6,1077,5
Bukayo Saka,Arsenal,25,6,10,66,22,552,75.5,29,15,3,0,8,979,57,216,715,41,45.6,,,,,1729,20,3,0,334,90.0,154,72.0,45,48.9,33.3,1.15,0.08,1,628,1
Caleb Kporha,Crystal Palace,2,0,0,0,0,5,71.4,2,1,0,0,1,11,4,2,5,0,,,,,,13,0,0,0,4,100.0,0,0.0,1,100.0,,0.0,,0,4,0
Caleb Okoli,Leicester City,19,1,0,4,2,559,86.3,25,14,15,14,79,806,451,325,35,0,,,,,,1125,12,4,0,243,91.4,273,90.7,36,55.4,50.0,0.16,0.25,0,468,0
Callum Hudson-Odoi,Nott'ham Forest,31,5,2,37,17,691,82.0,22,14,13,0,12,1035,117,338,605,37,58.7,,,,,2194,25,2,0,401,91.8,218,82.0,44,50.6,45.9,0.7,0.14,0,641,0
Callum Wilson,Newcastle Utd,18,0,0,6,1,40,75.5,2,2,1,0,1,95,5,55,38,1,14.3,,,,,370,2,1,0,22,81.5,13,81.3,0,,16.7,0.24,0.0,0,47,0
Calvin Bassey,Fulham,35,1,0,14,4,1934,89.7,54,34,20,17,118,2463,1205,1151,132,15,45.5,,,,,3074,34,7,0,821,95.2,941,93.8,140,61.4,28.6,0.12,0.07,0,1571,0
Cameron Archer,Southampton,35,2,0,28,10,205,81.7,13,8,2,1,11,398,69,179,154,15,40.5,,,,,1441,13,0,0,131,86.8,54,91.5,5,55.6,35.7,0.62,0.07,0,226,0
Cameron Burgess,Ipswich Town,18,0,2,10,2,626,80.9,17,12,14,15,128,982,609,327,48,0,,,,,,1541,16,0,0,259,90.9,295,86.8,64,50.4,20.0,0.12,0.0,0,430,0
Caoimhín Kelleher,Liverpool,10,0,0,0,0,289,75.7,0,0,0,0,1,398,396,2,0,1,100.0,24,67.6,1,100.0,900,10,0,0,99,100.0,147,100.0,43,31.9,,0.0,,0,290,0
Carlos Alcaraz,Everton,15,2,3,26,11,224,80.6,11,5,5,2,10,378,63,168,156,9,50.0,,,,,764,7,4,0,96,85.7,95,88.8,24,64.9,42.3,1.3,0.08,1,211,0
Carlos Alcaraz,Southampton,1,0,0,1,1,13,100.0,0,0,1,0,0,17,1,8,9,0,0.0,,,,,10,0,0,0,7,100.0,4,100.0,2,100.0,100.0,9.0,0.0,0,12,0
Carlos Baleba,Brighton,34,3,1,44,11,1149,87.4,79,46,46,11,44,1697,410,994,339,33,57.9,,,,,2661,31,8,1,544,92.0,487,92.2,94,63.5,25.0,0.37,0.07,1,971,0
Carlos Forbs,Wolves,10,0,0,2,0,60,65.9,8,5,1,0,2,121,23,39,60,7,58.3,,,,,239,1,2,0,39,76.5,19,73.1,1,20.0,0.0,0.0,0.0,0,75,0
Carlos Soler,West Ham,31,1,1,25,8,570,85.2,16,11,8,6,21,794,180,409,210,8,44.4,,,,,1409,14,6,0,308,94.5,212,86.2,32,54.2,32.0,0.51,0.04,1,367,0
Carlos Vinícius,Fulham,3,0,0,1,1,1,33.3,0,0,0,0,0,7,1,3,3,1,100.0,,,,,16,0,0,0,1,50.0,0,,0,,100.0,5.63,0.0,0,7,0
Casemiro,Manchester Utd,24,1,0,32,10,780,78.8,83,50,14,10,51,1250,374,633,251,3,50.0,,,,,1494,18,5,0,369,86.8,313,83.7,69,61.1,31.3,0.6,0.03,0,660,0
Chadi Riad,Crystal Palace,1,0,0,0,0,70,85.4,5,2,2,0,0,90,41,49,1,0,,,,,,90,1,0,0,24,85.7,38,92.7,8,61.5,,0.0,,0,58,0
Charlie Taylor,Southampton,8,0,0,0,0,196,87.9,7,5,5,5,31,279,121,120,39,2,100.0,,,,,356,3,1,0,70,93.3,103,92.0,20,71.4,,0.0,,0,116,0
Cheick Doucouré,Crystal Palace,13,0,0,7,0,174,85.3,16,8,11,0,10,263,56,165,45,2,40.0,,,,,452,4,1,0,84,89.4,70,89.7,16,80.0,0.0,0.0,0.0,0,133,0
Chidozie Obi-Martin,Manchester Utd,7,0,0,5,1,20,83.3,2,1,0,0,1,47,6,21,20,1,33.3,,,,,165,1,1,0,10,90.9,7,77.8,1,50.0,20.0,0.55,0.0,0,22,0
Chiedozie Ogbene,Ipswich Town,5,0,0,0,0,32,74.4,7,3,1,0,3,70,11,19,40,1,14.3,,,,,238,3,0,0,20,83.3,8,80.0,1,100.0,,0.0,,0,41,0
Chiquinho,Wolves,1,0,0,0,0,3,100.0,0,0,0,0,0,3,0,1,2,0,,,,,,7,0,0,0,1,100.0,1,100.0,1,100.0,,0.0,,0,1,0
Chris Richards,Crystal Palace,24,1,0,12,6,684,79.8,47,30,19,14,121,1118,611,439,74,1,16.7,,,,,1922,22,4,1,276,88.5,340,88.5,56,45.5,50.0,0.28,0.08,0,517,0
Chris Wood,Nott'ham Forest,36,20,3,65,32,315,64.3,6,5,5,7,29,770,89,361,322,4,30.8,,,,,2959,35,1,0,186,68.4,88,65.7,19,73.1,49.2,0.97,0.26,0,376,3
Christian Eriksen,Manchester Utd,23,1,2,14,1,590,78.8,19,9,7,5,8,850,173,397,284,0,0.0,,,,,1061,11,4,0,312,92.0,194,80.2,62,47.7,7.1,0.08,0.0,3,473,1
Christian Nørgaard,Brentford,34,5,4,39,15,1164,81.6,79,49,49,20,70,1802,613,855,350,7,50.0,,,,,2819,34,8,1,584,87.4,483,85.0,79,59.4,38.5,0.48,0.13,0,826,0
Christian Walton,Ipswich Town,7,0,0,0,0,177,69.4,0,0,0,0,2,272,271,1,0,0,,20,56.4,0,0.0,630,7,0,0,49,100.0,80,97.6,48,38.7,,0.0,,0,143,0
Christopher Nkunku,Chelsea,27,3,2,25,11,299,89.5,12,8,7,2,10,448,52,183,217,10,37.0,,,,,921,9,2,0,185,91.6,95,92.2,6,100.0,44.0,1.07,0.12,0,280,0
Claudio Echeverri,Manchester City,1,0,0,0,0,3,100.0,1,0,0,0,0,3,0,2,1,0,,,,,,6,0,0,0,1,100.0,1,100.0,0,,,0.0,,0,3,0
Cody Gakpo,Liverpool,35,10,4,57,22,480,75.7,28,16,12,3,19,888,91,258,557,31,50.8,,,,,1935,23,5,0,298,86.9,149,66.2,19,52.8,38.6,1.02,0.18,0,605,0
Cole Palmer,Chelsea,37,15,8,121,44,1140,77.0,34,20,11,1,20,1851,150,824,901,51,45.1,,,,,3191,36,7,0,470,86.1,470,84.7,173,59.9,36.4,1.24,0.09,12,1173,4
Conor Bradley,Liverpool,19,0,2,10,3,456,83.8,14,10,4,2,31,663,197,299,178,10,40.0,,,,,754,7,4,0,261,91.3,175,88.4,12,33.3,30.0,0.36,0.0,0,369,0
Conor Chaplin,Ipswich Town,22,1,1,16,3,235,73.7,15,5,4,1,3,390,74,183,138,4,50.0,,,,,857,10,2,0,112,80.0,104,81.9,11,40.7,18.8,0.32,0.06,0,179,0
Conor Coady,Leicester City,22,1,0,2,2,977,91.1,13,9,13,24,71,1210,689,503,20,1,50.0,,,,,1714,19,3,0,405,96.9,507,96.9,61,54.5,100.0,0.11,0.5,0,789,0
Conor Townsend,Ipswich Town,6,0,1,1,0,80,63.0,11,8,4,6,16,172,87,50,38,0,,,,,,335,3,1,0,32,82.1,41,74.5,7,29.2,0.0,0.0,0.0,0,53,0
Craig Dawson,Wolves,15,0,0,5,1,484,86.6,15,3,9,11,52,671,396,249,28,1,20.0,,,,,971,10,2,0,149,92.5,267,93.0,57,60.0,20.0,0.09,0.0,0,390,0
Cristian Romero,Tottenham,18,1,0,16,8,1094,89.5,35,29,21,3,57,1377,594,720,74,1,25.0,,,,,1416,18,3,0,370,91.4,630,94.7,80,63.5,50.0,0.51,0.06,0,896,0
Crysencio Summerville,West Ham,19,1,1,14,4,194,76.4,13,7,0,4,7,372,47,147,181,13,33.3,,,,,786,7,2,0,125,84.5,55,88.7,11,50.0,28.6,0.46,0.07,0,207,0
Curtis Jones,Liverpool,33,3,3,34,13,1021,93.1,39,22,7,9,10,1288,220,683,393,12,54.5,,,,,1712,19,3,1,584,96.5,373,92.3,40,75.5,38.2,0.68,0.09,0,789,0
Daichi Kamada,Crystal Palace,34,0,0,20,4,603,80.2,47,29,18,5,14,937,208,496,240,7,36.8,,,,,1564,15,4,1,317,88.1,233,83.2,38,61.3,20.0,0.23,0.0,0,485,0
Dan Burn,Newcastle Utd,37,1,1,23,7,1774,88.4,39,24,27,26,197,2386,1305,959,130,3,75.0,,,,,3330,37,11,0,621,89.7,1029,94.6,110,60.8,30.4,0.19,0.04,0,1346,0
Dane Scarlett,Tottenham,3,0,1,1,1,3,60.0,1,0,0,0,1,9,3,5,1,0,,,,,,34,0,0,0,2,100.0,1,100.0,0,0.0,100.0,2.65,0.0,0,5,0
Dango Ouattara,Bournemouth,32,7,4,62,20,367,60.0,35,26,11,10,51,959,165,316,497,39,47.6,,,,,2005,21,3,0,210,72.9,120,62.2,25,37.3,32.3,0.9,0.11,1,492,0
Daniel Bentley,Wolves,2,0,0,0,0,49,75.4,0,0,0,0,1,69,68,1,0,0,,8,66.7,0,,180,2,0,0,6,100.0,33,100.0,10,38.5,,0.0,,0,39,0
Daniel Jebbison,Bournemouth,16,1,0,5,2,33,78.6,5,3,1,1,1,78,10,25,44,4,57.1,,,,,119,0,1,0,21,91.3,3,60.0,1,50.0,40.0,1.51,0.2,0,44,0
Daniel Muñoz,Crystal Palace,37,4,5,37,14,1129,75.7,123,80,44,6,108,2010,568,826,637,21,37.5,,,,,3228,37,10,0,645,85.7,414,77.0,48,44.4,37.8,0.39,0.11,0,806,0
Daniel Podence,Wolves,2,0,0,1,0,11,68.8,0,0,0,0,0,20,2,11,7,2,100.0,,,,,48,0,0,0,7,100.0,3,100.0,0,0.0,0.0,0.0,0.0,0,13,0
Danilo,Nott'ham Forest,8,0,0,0,0,94,77.7,8,4,4,1,3,150,54,85,13,3,50.0,,,,,275,5,0,0,44,84.6,39,84.8,7,58.3,,0.0,,0,54,0
Danny Ings,West Ham,15,1,2,14,5,63,68.5,4,2,1,0,4,139,15,51,73,4,57.1,,,,,284,1,0,0,41,83.7,19,65.5,1,20.0,35.7,1.58,0.07,0,63,0
Danny Ward,Leicester City,2,0,0,0,0,41,77.4,0,0,0,0,1,55,55,0,0,0,0.0,4,40.0,0,,135,1,0,0,6,100.0,20,100.0,15,55.6,,0.0,,0,44,0
Danny Welbeck,Brighton,30,10,4,59,23,417,84.9,26,16,5,4,14,726,58,318,356,13,35.1,,,,,2115,24,5,0,277,87.7,91,86.7,11,91.7,39.0,0.98,0.15,9,448,1
Dara O'Shea,Ipswich Town,35,0,2,22,2,1234,78.2,49,31,33,50,225,2022,1169,730,129,1,50.0,,,,,3122,35,6,0,395,87.2,694,85.6,133,49.3,9.1,0.06,0.0,0,897,0
Darwin Núñez,Liverpool,30,5,2,34,13,163,70.9,21,18,4,0,12,366,45,122,210,8,34.8,,,,,1133,8,8,0,89,80.2,48,73.8,13,65.0,38.2,1.03,0.15,0,201,0
David Brooks,Bournemouth,29,2,0,25,12,310,75.4,14,6,5,2,9,545,59,207,289,11,32.4,,,,,960,9,3,0,176,85.9,101,77.7,24,51.1,48.0,1.13,0.08,0,342,0
David Raya,Arsenal,38,0,0,0,0,1040,73.6,0,0,2,0,21,1480,1388,92,0,1,100.0,86,74.2,0,0.0,3420,38,3,0,285,99.0,537,98.0,215,37.7,,0.0,,0,921,0
Dean Henderson,Crystal Palace,38,0,0,1,0,745,61.3,2,1,0,0,22,1308,1303,4,1,0,,101,66.7,1,50.0,3420,38,3,0,180,99.4,350,99.2,211,31.2,0.0,0.0,0.0,0,751,0
Dean Huijsen,Bournemouth,32,3,2,18,3,1355,83.4,36,26,51,29,198,2021,915,971,145,2,40.0,,,,,2427,26,10,0,449,89.8,712,91.2,181,59.5,16.7,0.11,0.17,0,1118,0
Declan Rice,Arsenal,35,4,7,48,14,1376,83.4,53,25,25,13,51,1948,325,909,733,14,48.3,,,,,2825,33,7,1,678,92.0,553,90.5,117,48.8,29.2,0.45,0.08,2,1031,0
Dejan Kulusevski,Tottenham,32,7,4,47,17,658,73.7,45,23,13,5,10,1276,149,432,719,38,32.5,,,,,2389,27,3,0,394,86.2,203,78.1,32,40.5,36.2,0.64,0.15,0,823,0
Destiny Udogie,Tottenham,25,0,1,5,1,972,87.2,75,47,22,6,36,1376,394,609,389,13,40.6,,,,,1924,24,2,0,544,91.1,371,90.0,26,78.8,20.0,0.05,0.0,0,758,0
Diego Carlos,Aston Villa,10,0,0,4,1,534,88.6,8,3,5,7,36,674,331,330,15,2,100.0,,,,,830,8,1,0,138,91.4,341,94.2,54,65.1,25.0,0.11,0.0,0,419,0
Diego Gómez,Brighton,16,1,0,9,3,243,80.5,21,13,8,0,10,403,87,212,109,6,50.0,,,,,516,4,0,0,138,86.8,84,84.0,14,56.0,33.3,0.52,0.11,2,193,0
Diogo Dalot,Manchester Utd,33,0,3,25,5,1347,80.5,68,40,37,9,72,1983,661,773,566,27,50.9,,,,,2814,31,5,0,694,89.8,525,81.9,95,55.9,20.0,0.16,0.0,0,1126,0
Diogo Jota,Liverpool,26,6,3,51,13,216,69.7,14,8,8,0,6,485,35,198,259,11,33.3,,,,,1196,14,2,0,113,76.9,79,76.0,13,56.5,25.5,0.98,0.12,0,263,0
Divin Mubama,Manchester City,1,0,0,1,0,2,66.7,0,0,0,0,0,5,0,2,3,0,,,,,,28,0,0,0,1,100.0,0,,1,100.0,0.0,0.0,0.0,0,2,0
Djed Spence,Tottenham,25,1,2,10,3,992,85.4,47,34,21,9,74,1428,500,641,309,38,50.0,,,,,1792,19,4,1,585,94.1,343,85.8,32,47.8,30.0,0.15,0.1,0,794,0
Dominic Calvert-Lewin,Everton,26,3,1,50,19,181,62.6,9,7,7,2,23,520,45,215,265,10,40.0,,,,,1609,19,2,0,130,69.5,37,58.7,3,37.5,38.0,1.06,0.06,0,280,0
Dominic Solanke,Tottenham,27,9,3,59,24,255,70.6,18,11,1,9,23,655,74,299,288,17,33.3,,,,,2201,25,0,0,154,75.1,68,78.2,12,66.7,40.7,0.98,0.14,0,385,1
Dominik Szoboszlai,Liverpool,36,6,6,67,22,1114,84.3,38,20,9,5,19,1584,220,761,626,21,51.2,,,,,2491,29,6,0,601,89.6,366,88.0,95,71.4,32.8,0.79,0.09,4,805,0
Donyell Malen,Aston Villa,14,3,0,15,9,53,68.8,7,4,0,0,1,129,9,33,94,4,36.4,,,,,305,2,0,0,33,82.5,14,73.7,3,42.9,60.0,2.66,0.2,0,79,0
Dwight McNeil,Everton,21,4,6,25,10,461,74.5,13,8,6,0,2,748,73,328,368,24,53.3,,,,,1371,15,1,0,215,87.4,165,82.5,70,51.5,40.0,0.66,0.16,0,443,0
Eberechi Eze,Crystal Palace,34,8,8,100,27,777,74.2,39,22,11,0,10,1414,193,661,597,67,48.6,,,,,2588,31,1,0,380,84.6,299,81.9,77,45.8,27.0,0.94,0.07,16,840,1
Eddie Nketiah,Crystal Palace,29,3,1,43,16,179,74.3,15,8,3,1,12,412,47,176,198,11,35.5,,,,,1034,9,6,1,95,79.2,60,80.0,14,70.0,37.2,1.39,0.07,0,246,0
Ederson,Manchester City,26,0,4,0,0,811,87.9,0,0,1,0,11,975,962,13,0,0,,53,69.2,0,0.0,2320,26,4,0,142,100.0,471,98.3,194,65.3,,0.0,,0,654,0
Edmond-Paris Maghoma,Brentford,8,0,0,1,0,76,90.5,2,1,1,2,2,101,18,58,27,3,75.0,,,,,119,0,0,0,38,95.0,29,93.5,6,85.7,0.0,0.0,0.0,0,68,0
Edson Álvarez,West Ham,28,0,1,12,1,861,85.8,50,27,18,8,46,1239,361,693,194,14,42.4,,,,,1772,20,9,1,424,89.3,361,89.8,66,71.7,8.3,0.05,0.0,0,687,0
Eiran Cashin,Brighton,2,0,0,0,0,23,82.1,0,0,0,0,2,32,10,20,2,0,0.0,,,,,20,0,0,0,9,90.0,13,100.0,1,20.0,,0.0,,0,21,0
Elliot Anderson,Nott'ham Forest,37,2,6,40,7,1085,78.3,92,56,31,9,76,1831,424,890,547,36,48.0,,,,,2728,33,10,0,572,89.4,402,81.0,77,46.7,17.5,0.23,0.05,0,932,0
Emerson Palmieri,West Ham,31,2,1,16,7,861,79.9,60,31,21,8,59,1325,422,559,359,10,33.3,,,,,2113,26,5,0,515,89.7,283,81.3,43,42.2,43.8,0.3,0.13,3,555,0
Emi Buendía,Aston Villa,12,0,0,5,0,49,81.7,6,6,0,1,2,82,17,35,31,0,0.0,,,,,98,0,1,0,33,91.7,12,85.7,1,20.0,0.0,0.0,0.0,1,53,0
Emil Krafth,Newcastle Utd,12,0,0,1,0,124,78.5,4,2,2,4,16,199,100,73,28,0,0.0,,,,,342,2,2,0,60,81.1,53,85.5,7,58.3,0.0,0.0,0.0,0,82,0
Emile Smith Rowe,Fulham,34,6,3,37,11,922,90.1,31,18,11,2,16,1223,166,591,476,16,45.7,,,,,2043,25,3,0,548,92.6,330,94.8,21,72.4,29.7,0.48,0.16,0,779,0
Emiliano Martínez,Aston Villa,37,0,0,0,0,1091,78.7,3,3,0,0,17,1449,1429,20,0,1,100.0,96,69.0,1,50.0,3194,37,5,1,194,98.0,629,98.3,268,49.4,,0.0,,0,889,0
Emmanuel Agbadou,Wolves,16,1,0,7,2,855,85.4,30,19,12,13,90,1172,649,504,28,10,76.9,,,,,1410,16,3,0,276,92.3,466,93.0,107,59.1,28.6,0.13,0.14,1,758,0
Enes Ünal,Bournemouth,17,2,1,20,7,63,63.6,1,0,0,0,6,172,14,63,95,1,8.3,,,,,345,2,2,0,40,76.9,17,60.7,0,0.0,35.0,1.83,0.1,3,91,0
Enzo Fernández,Chelsea,36,6,7,53,20,1518,79.9,65,33,13,7,23,2210,346,1129,751,26,47.3,,,,,2947,32,8,0,700,88.7,626,84.9,157,57.5,37.7,0.61,0.11,2,1211,0
Eric da Silva Moreira,Nott'ham Forest,2,0,0,0,0,7,87.5,2,2,1,0,0,13,7,4,2,0,0.0,,,,,30,0,0,0,6,85.7,1,100.0,0,,,0.0,,0,4,0
Erling Haaland,Manchester City,31,22,3,104,55,255,66.9,11,6,5,1,23,639,40,222,384,13,36.1,,,,,2736,31,2,0,175,71.1,59,70.2,4,66.7,52.9,1.81,0.18,1,310,3
Ethan Nwaneri,Arsenal,26,4,2,24,9,342,80.5,11,7,2,2,4,544,44,167,339,37,59.7,,,,,895,11,1,0,216,92.3,93,76.9,19,51.4,37.5,0.91,0.17,1,365,0
Ethan Pinnock,Brentford,22,2,0,10,6,924,85.6,35,19,24,18,142,1348,783,457,109,3,33.3,,,,,1913,21,2,0,360,94.2,472,89.4,84,57.9,60.0,0.28,0.2,0,633,0
Evan Ferguson,Brighton,13,1,0,7,2,43,74.1,4,3,0,1,4,88,13,50,26,1,50.0,,,,,246,2,0,0,31,86.1,8,72.7,1,25.0,28.6,0.73,0.14,1,42,0
Evan Ferguson,West Ham,8,0,0,5,1,28,75.7,3,1,1,1,1,66,6,30,31,3,60.0,,,,,156,1,0,0,21,80.8,5,71.4,1,50.0,20.0,0.58,0.0,0,31,0
Evanilson,Bournemouth,31,10,1,72,31,244,71.3,16,10,1,2,21,558,56,208,299,7,33.3,,,,,2319,28,1,1,154,76.2,54,75.0,11,68.8,43.1,1.2,0.14,0,333,0
Ezri Konsa,Aston Villa,34,2,0,11,5,1555,92.9,34,18,24,11,114,1915,883,934,107,8,44.4,,,,,2936,33,1,0,669,96.7,807,95.6,62,65.3,45.5,0.15,0.18,0,1132,0
Fabian Schär,Newcastle Utd,34,4,0,40,11,1654,83.7,36,21,45,25,138,2319,1178,991,162,8,61.5,,,,,2934,33,9,1,577,92.3,877,92.9,191,51.2,27.5,0.34,0.1,5,1438,0
Fabio Carvalho,Brentford,19,2,1,12,5,126,70.8,13,9,3,1,2,247,44,91,113,2,14.3,,,,,455,3,1,0,78,83.0,32,71.1,7,38.9,41.7,0.99,0.17,0,137,0
Facundo Buonanotte,Leicester City,31,5,2,36,12,437,76.4,53,32,12,6,14,874,128,452,307,28,33.7,,,,,1523,14,8,0,236,85.5,150,82.4,35,47.3,33.3,0.71,0.14,0,479,0
Federico Chiesa,Liverpool,6,0,0,5,2,27,87.1,1,0,0,0,1,46,10,15,21,0,0.0,,,,,108,1,0,0,17,94.4,6,75.0,2,100.0,40.0,1.67,0.0,0,31,0
Ferdi Kadioglu,Brighton,6,1,0,4,1,144,82.3,10,6,8,2,17,231,71,91,72,3,42.9,,,,,385,5,1,0,73,89.0,61,82.4,9,64.3,25.0,0.23,0.25,0,124,0
Filip Jørgensen,Chelsea,6,0,0,0,0,158,83.6,0,0,0,0,0,202,201,1,0,0,,19,71.4,0,0.0,540,6,0,0,64,100.0,79,97.5,11,27.5,,0.0,,0,145,0
Flynn Downes,Southampton,27,1,0,10,3,1003,90.4,49,25,32,9,51,1339,403,719,227,8,40.0,,,,,2151,25,12,0,577,93.1,352,92.1,37,69.8,30.0,0.13,0.1,0,641,0
Frank Onyeka,Brentford,2,0,0,0,0,6,85.7,0,0,0,0,0,10,1,5,4,0,,,,,,25,0,0,0,5,100.0,1,100.0,0,,,0.0,,0,6,0
Fraser Forster,Tottenham,7,0,0,0,0,168,84.8,0,0,0,0,7,228,228,0,0,1,100.0,27,69.0,0,0.0,630,7,0,0,54,98.2,86,95.6,23,48.9,,0.0,,0,113,0
Gabriel Jesus,Arsenal,17,3,0,20,7,156,76.8,10,6,4,1,8,299,28,108,165,9,40.9,,,,,608,6,4,0,103,80.5,41,87.2,4,66.7,35.0,1.04,0.15,0,179,0
Gabriel Magalhães,Arsenal,28,3,1,22,5,1480,90.2,25,15,16,29,93,1873,672,985,225,4,80.0,,,,,2363,28,4,0,598,96.9,782,94.2,83,53.9,22.7,0.19,0.14,0,1116,0
Gabriel Martinelli,Arsenal,33,8,4,55,24,499,71.4,23,15,5,0,19,994,102,247,660,33,30.3,,,,,2290,25,1,0,324,84.2,135,69.9,26,50.0,43.6,0.94,0.15,0,670,0
George Edmundson,Ipswich Town,1,0,0,0,0,1,50.0,0,0,0,0,0,3,3,0,0,0,,,,,,2,0,0,0,1,100.0,0,,0,,,0.0,,0,1,0
George Hirst,Ipswich Town,26,3,1,14,7,69,56.6,3,3,2,1,10,188,28,61,101,2,33.3,,,,,661,5,3,0,49,68.1,13,50.0,1,33.3,50.0,0.95,0.21,0,101,0
Georginio Rutter,Brighton,28,5,3,50,12,237,66.8,39,15,10,3,13,641,83,246,326,27,38.0,,,,,1656,19,2,0,144,77.0,74,66.7,10,62.5,24.0,0.65,0.1,0,361,0
Gonçalo Guedes,Wolves,29,2,4,27,8,259,74.2,16,5,5,0,4,484,49,199,250,9,32.1,,,,,995,10,1,0,137,86.7,97,75.8,17,48.6,29.6,0.72,0.07,0,304,0
Guglielmo Vicario,Tottenham,24,0,0,0,0,764,87.4,0,0,1,0,14,928,910,18,0,1,100.0,67,64.7,0,0.0,2160,24,1,0,237,99.2,431,96.6,89,49.4,,0.0,,0,661,0
Guido Rodríguez,West Ham,23,0,1,8,1,480,84.4,36,19,13,9,35,709,223,423,64,3,50.0,,,,,1149,16,6,0,239,87.9,195,90.7,38,64.4,12.5,0.08,0.0,0,327,0
Gustavo Nunes,Brentford,3,0,0,0,0,1,100.0,3,2,0,0,2,7,4,1,2,0,,,,,,12,0,0,0,1,100.0,0,,0,,,0.0,,0,1,0
Hamza Choudhury,Leicester City,4,0,0,0,0,72,85.7,1,1,5,2,2,100,19,61,20,3,75.0,,,,,131,1,0,0,47,94.0,23,79.3,2,50.0,,0.0,,0,63,0
Harrison Armstrong,Everton,3,0,0,1,0,7,46.7,0,0,0,0,1,20,3,12,7,1,100.0,,,,,48,0,1,0,3,75.0,2,40.0,2,50.0,0.0,0.0,0.0,0,15,0
Harrison Reed,Fulham,12,0,0,3,2,39,70.9,6,3,1,0,3,78,11,28,40,0,0.0,,,,,108,0,2,0,21,87.5,13,76.5,2,40.0,66.7,1.67,0.0,0,31,0
Harry Amass,Manchester Utd,5,0,0,3,0,149,82.3,6,2,2,1,11,250,82,88,84,3,37.5,,,,,346,4,0,0,97,92.4,44,78.6,3,27.3,0.0,0.0,0.0,0,132,0
Harry Clarke,Ipswich Town,7,0,0,1,1,190,80.5,5,3,4,4,14,268,100,122,47,1,50.0,,,,,379,4,3,1,87,91.6,77,87.5,23,57.5,100.0,0.24,0.0,0,118,0
Harry Howell,Brighton,1,0,0,0,0,8,88.9,1,1,0,0,0,12,1,7,4,0,,,,,,7,0,0,0,4,100.0,3,75.0,0,,,0.0,,0,9,0
Harry Maguire,Manchester Utd,27,1,0,15,6,965,85.5,30,15,40,12,78,1328,652,616,76,2,40.0,,,,,1758,19,7,0,354,90.3,517,91.0,80,57.6,40.0,0.31,0.07,0,782,0
Harry Toffolo,Nott'ham Forest,4,0,0,1,0,47,70.1,5,3,2,2,12,88,32,22,34,0,,,,,,137,1,1,0,30,93.8,15,62.5,1,14.3,0.0,0.0,0.0,0,17,0
Harry Wilson,Fulham,25,6,1,43,17,326,73.3,20,14,7,1,10,598,81,203,324,9,37.5,,,,,1162,12,2,0,171,85.5,121,77.6,29,40.8,39.5,1.32,0.14,1,342,0
Harry Winks,Leicester City,22,0,2,10,4,910,87.1,24,11,9,7,20,1158,275,746,151,3,25.0,,,,,1538,17,4,0,471,92.2,362,91.2,44,57.9,40.0,0.23,0.0,0,696,0
Harvey Barnes,Newcastle Utd,33,9,4,63,20,474,78.1,16,9,6,2,15,810,97,257,462,24,37.5,,,,,1755,17,0,0,302,86.8,149,73.0,14,53.8,31.7,1.03,0.14,0,561,0
Harvey Elliott,Liverpool,18,1,2,17,4,240,82.2,5,3,1,2,3,339,32,164,144,4,44.4,,,,,371,2,1,0,120,92.3,91,84.3,22,66.7,23.5,0.97,0.06,1,188,0
Hwang Hee-chan,Wolves,21,2,0,5,3,166,81.4,6,4,2,0,11,271,42,105,126,2,14.3,,,,,661,5,0,0,110,87.3,43,84.3,4,80.0,60.0,0.41,0.4,0,159,0
Hákon Rafn Valdimarsson,Brentford,2,0,0,0,0,46,65.7,0,0,0,0,2,72,71,1,0,0,,3,50.0,0,,145,1,0,0,8,100.0,21,100.0,17,41.5,,0.0,,0,44,0
Ian Maatsen,Aston Villa,29,1,2,19,5,609,81.5,29,17,15,0,39,917,247,334,348,13,44.8,,,,,1139,10,2,0,307,88.7,263,85.1,26,50.0,26.3,0.4,0.05,0,505,0
Ibrahim Sangaré,Nott'ham Forest,13,0,1,1,1,276,85.4,28,14,6,4,13,407,110,247,52,0,0.0,,,,,590,7,3,0,129,89.6,117,92.1,20,64.5,100.0,0.15,0.0,0,171,0
Ibrahima Konaté,Liverpool,31,1,2,19,3,1718,90.2,40,26,17,15,133,2185,928,1145,119,3,50.0,,,,,2560,30,5,0,592,93.8,1023,95.0,94,55.0,15.8,0.11,0.05,0,1290,0
Idrissa Gana Gueye,Everton,37,0,3,27,5,1230,86.5,133,80,48,9,36,1801,432,1045,336,18,46.2,,,,,3063,35,9,0,607,91.0,499,90.4,104,72.2,18.5,0.15,0.0,0,861,0
Igor,Brighton,13,0,0,1,0,671,91.9,5,5,4,14,39,816,385,381,54,5,83.3,,,,,961,10,4,0,262,96.7,364,94.8,42,71.2,0.0,0.0,0.0,0,530,0
Iliman Ndiaye,Everton,33,9,0,35,15,602,81.8,53,28,20,5,24,1084,219,451,464,68,47.6,,,,,2430,29,3,0,349,86.8,200,87.0,38,69.1,42.9,0.56,0.2,0,621,2
Illia Zabarnyi,Bournemouth,36,0,1,12,1,1404,82.1,52,36,41,20,182,2062,929,1078,77,6,66.7,,,,,3109,35,4,1,373,89.2,833,91.1,187,54.0,8.3,0.03,0.0,0,1282,0
Ismaila Sarr,Crystal Palace,38,8,6,59,29,490,66.0,22,10,9,8,40,1091,180,411,511,17,27.9,,,,,2711,30,4,0,265,73.8,183,71.2,22,44.0,49.2,0.96,0.14,0,607,0
Issa Diop,Fulham,21,0,0,5,2,663,87.5,26,12,9,7,72,903,498,381,26,1,50.0,,,,,1339,15,2,0,233,92.5,379,92.9,46,52.9,40.0,0.13,0.0,0,533,0
Jack Clarke,Ipswich Town,32,0,4,17,2,302,76.8,32,20,7,0,29,553,125,229,215,25,50.0,,,,,1181,12,2,0,151,87.3,131,85.6,16,51.6,11.8,0.15,0.0,0,311,0
Jack Grealish,Manchester City,20,1,1,15,5,382,87.6,9,5,2,2,6,521,42,162,324,13,44.8,,,,,721,7,3,0,247,93.2,115,87.8,18,69.2,33.3,0.62,0.07,0,376,0
Jack Harrison,Everton,34,1,0,29,7,414,62.8,32,22,10,2,35,948,157,336,463,24,32.0,,,,,2076,24,0,0,239,81.0,122,67.0,36,33.3,24.1,0.3,0.03,0,524,0
Jack Hinshelwood,Brighton,26,5,2,18,10,870,83.2,27,19,16,3,37,1199,322,560,323,2,18.2,,,,,1842,22,5,0,510,90.7,280,84.1,56,52.3,55.6,0.49,0.28,0,590,0
Jack Stephens,Southampton,19,1,0,4,2,879,92.0,34,20,13,13,53,1097,461,543,97,0,0.0,,,,,1389,17,2,2,346,93.0,464,94.3,54,83.1,50.0,0.13,0.25,0,631,0
Jack Taylor,Ipswich Town,32,1,0,19,4,349,82.9,20,10,9,3,24,534,161,281,103,4,36.4,,,,,860,4,4,0,156,88.1,158,87.8,29,60.4,21.1,0.42,0.05,0,254,0
Jacob Greaves,Ipswich Town,25,1,0,10,4,962,85.8,40,21,21,26,148,1404,746,568,95,4,66.7,,,,,2205,25,5,0,444,92.3,463,89.2,39,44.3,40.0,0.16,0.1,0,619,0
Jacob Murphy,Newcastle Utd,35,8,12,43,15,688,68.5,28,19,13,0,35,1271,188,474,622,35,50.7,,,,,2360,31,4,0,411,84.9,218,68.1,43,39.4,34.9,0.57,0.19,0,733,0
Jacob Ramsey,Aston Villa,29,1,3,19,4,497,84.8,30,15,8,4,8,762,146,272,359,25,54.3,,,,,1623,19,4,1,334,91.3,133,83.6,15,75.0,21.1,0.22,0.05,0,496,0
Jaden Philogene Bidace,Aston Villa,11,0,0,7,0,63,73.3,11,5,3,0,2,145,27,54,66,4,26.7,,,,,332,2,4,1,40,81.6,18,85.7,2,66.7,0.0,0.0,0.0,0,75,0
Jaden Philogene Bidace,Ipswich Town,10,2,0,12,5,95,72.5,14,7,10,1,9,220,53,68,101,5,27.8,,,,,474,5,1,0,54,84.4,30,73.2,6,50.0,41.7,0.95,0.17,0,127,0
Jadon Sancho,Chelsea,31,3,4,24,8,663,82.6,13,7,2,0,8,975,117,283,585,45,46.4,,,,,1764,19,2,0,416,89.5,208,83.2,14,51.9,33.3,0.41,0.13,0,653,0
Jahmai Simpson-Pusey,Manchester City,2,0,0,0,0,107,93.0,1,0,0,1,2,123,61,59,3,0,0.0,,,,,96,1,1,0,47,95.9,57,96.6,3,42.9,,0.0,,0,79,0
Jake Evans,Leicester City,4,0,0,0,0,2,66.7,1,1,0,0,1,5,1,3,1,0,,,,,,24,0,0,0,1,100.0,1,50.0,0,,,0.0,,0,1,0
Jake O'Brien,Everton,20,2,0,6,3,577,79.6,26,17,4,4,93,900,374,390,139,4,40.0,,,,,1571,17,5,0,245,89.4,260,82.0,63,64.3,50.0,0.17,0.33,0,391,0
Jakub Kiwior,Arsenal,17,1,0,3,1,673,91.4,22,8,6,8,58,846,281,494,72,3,60.0,,,,,1122,10,1,0,278,94.6,358,95.2,30,56.6,33.3,0.08,0.33,0,492,0
Jakub Moder,Brighton,4,0,0,0,0,18,81.8,1,0,0,0,3,27,7,12,9,0,,,,,,11,0,0,0,10,71.4,8,100.0,0,,,0.0,,0,13,0
Jakub Stolarczyk,Leicester City,10,0,0,0,0,238,61.7,2,1,0,0,6,411,406,6,0,0,,28,63.6,0,,900,10,1,0,70,100.0,91,96.8,76,34.5,,0.0,,0,221,0
James Bree,Southampton,17,0,1,4,1,500,83.5,19,14,9,3,29,694,221,308,170,4,50.0,,,,,1075,13,0,0,243,90.3,220,87.0,27,51.9,25.0,0.08,0.0,0,363,0
James Garner,Everton,21,0,1,12,4,611,76.1,47,31,23,4,37,977,226,511,248,7,36.8,,,,,1594,17,5,0,268,86.7,270,82.8,59,49.2,33.3,0.23,0.0,1,478,0
James Hill,Bournemouth,10,0,1,6,0,159,64.9,15,8,9,0,31,319,99,167,54,1,50.0,,,,,448,6,1,0,51,76.1,85,77.3,21,36.2,0.0,0.0,0.0,0,146,0
James Justin,Leicester City,36,2,2,25,6,1205,78.2,58,37,46,17,141,1948,692,881,387,9,30.0,,,,,2912,34,6,0,625,87.0,497,84.8,48,35.3,24.0,0.19,0.08,2,866,0
James Maddison,Tottenham,31,9,7,39,17,1021,81.3,31,19,12,4,19,1464,210,691,576,33,42.9,,,,,1809,21,6,0,481,90.9,424,86.2,75,46.3,43.6,0.85,0.23,6,1026,0
James Mcatee,Manchester City,15,3,0,12,4,100,80.0,5,2,2,0,1,168,17,62,90,2,28.6,,,,,349,3,1,0,57,87.7,40,88.9,3,33.3,33.3,1.03,0.25,0,96,0
James Milner,Brighton,4,0,0,2,0,55,74.3,5,2,2,2,2,93,13,49,31,1,100.0,,,,,170,3,1,0,26,92.9,23,76.7,4,36.4,0.0,0.0,0.0,0,47,0
James Tarkowski,Everton,33,1,1,15,4,1045,81.0,64,40,41,42,213,1706,974,635,106,5,71.4,,,,,2922,33,6,0,337,84.5,525,91.9,173,62.7,26.7,0.12,0.07,0,727,0
James Ward-Prowse,Nott'ham Forest,9,0,1,2,1,145,79.7,4,1,5,2,8,205,49,115,45,0,,,,,,400,5,2,1,82,93.2,53,86.9,8,34.8,50.0,0.23,0.0,1,92,0
James Ward-Prowse,West Ham,15,1,1,13,5,677,88.2,20,14,8,3,15,849,180,513,158,2,40.0,,,,,1039,12,2,0,354,95.9,257,91.5,56,58.3,38.5,0.43,0.08,3,427,0
Jamie Vardy,Leicester City,35,9,4,56,23,258,66.3,19,13,5,4,24,586,61,272,260,11,47.8,,,,,2823,35,5,0,141,74.2,86,75.4,15,68.2,41.1,0.73,0.14,1,285,1
Jan Bednarek,Southampton,30,2,0,5,2,1564,92.7,36,19,56,36,190,2049,1091,924,41,3,100.0,,,,,2531,30,7,0,590,95.2,856,94.8,105,76.6,40.0,0.07,0.4,0,1046,0
Jan Paul van Hecke,Brighton,34,1,1,17,5,2016,88.2,45,29,24,22,142,2589,1094,1350,166,5,45.5,,,,,2958,33,8,1,703,93.5,1077,93.2,219,65.6,29.4,0.15,0.06,0,1715,0
Jannik Vestergaard,Leicester City,18,0,0,3,2,870,90.7,22,10,16,14,74,1092,572,497,28,4,100.0,,,,,1391,16,5,0,397,95.0,416,93.7,48,59.3,66.7,0.13,0.0,0,672,0
Jarell Quansah,Liverpool,13,0,0,1,0,356,90.8,12,8,7,7,28,464,245,189,30,1,33.3,,,,,495,4,2,0,137,97.2,196,92.5,20,62.5,0.0,0.0,0.0,0,268,0
Jarrad Branthwaite,Everton,30,0,1,10,3,984,82.1,36,20,27,23,191,1520,783,676,69,3,50.0,,,,,2511,28,4,0,368,90.0,488,90.5,121,55.5,30.0,0.11,0.0,0,747,0
Jarrod Bowen,West Ham,34,13,8,86,36,584,71.7,41,26,16,4,25,1252,132,466,678,44,33.8,,,,,2973,34,1,0,326,84.0,187,74.8,54,57.4,41.9,1.09,0.14,1,741,1
Jason Steele,Brighton,2,0,0,0,0,101,90.2,0,0,0,0,1,114,114,0,0,0,,3,75.0,0,,180,2,0,0,21,100.0,63,96.9,17,65.4,,0.0,,0,91,0
Jay Robinson,Southampton,4,0,0,1,1,23,67.6,4,1,0,0,1,54,15,18,22,6,54.5,,,,,137,1,0,0,14,82.4,6,75.0,1,25.0,100.0,0.66,0.0,0,33,0
Jay Stansfield,Fulham,1,0,0,0,0,0,,0,0,0,0,0,0,0,0,0,0,,,,,,1,0,0,0,0,,0,,0,,,0.0,,0,0,0
Jayden Danns,Liverpool,1,0,0,0,0,1,100.0,0,0,0,0,0,2,0,0,2,0,,,,,,11,0,0,0,1,100.0,0,,0,,,0.0,,0,1,0
Jayden Meghoma,Brentford,1,0,0,0,0,3,100.0,0,0,0,0,0,3,2,0,1,0,,,,,,5,0,0,0,3,100.0,0,,0,,,0.0,,0,1,0
Jean-Clair Todibo,West Ham,27,0,0,5,0,951,87.9,47,28,26,13,83,1297,716,543,47,9,56.3,,,,,1825,20,3,0,355,93.9,542,94.4,48,44.0,0.0,0.0,0.0,0,760,0
Jean-Philippe Mateta,Crystal Palace,37,14,2,68,29,291,65.1,18,12,2,4,23,739,64,350,340,20,43.5,,,,,2648,33,2,0,176,75.9,83,63.8,7,30.4,42.6,0.99,0.18,0,400,2
Jean-Ricner Bellegarde,Wolves,35,2,7,22,5,475,79.3,39,24,10,3,18,843,148,394,318,14,23.0,,,,,1677,20,3,0,271,89.1,152,80.9,36,58.1,22.7,0.27,0.09,2,528,0
Jefferson Lerma,Crystal Palace,33,0,1,26,8,844,75.3,35,17,42,18,80,1406,469,703,244,7,53.8,,,,,2274,26,9,0,395,86.4,349,81.9,79,44.4,30.8,0.32,0.0,0,649,0
Jeffrey Schlupp,Crystal Palace,12,0,0,4,2,39,78.0,2,0,0,0,2,79,9,31,41,1,100.0,,,,,103,0,0,0,16,84.2,18,78.3,2,50.0,50.0,1.75,0.0,0,30,0
Jens Cajuste,Ipswich Town,30,1,1,12,1,647,82.6,44,22,28,10,33,1017,286,530,217,28,52.8,,,,,1959,25,2,0,301,89.1,300,85.2,31,50.8,8.3,0.05,0.08,0,481,0
Jeremy Doku,Manchester City,29,3,6,29,9,603,79.1,31,22,4,1,2,1027,46,233,772,107,53.2,,,,,1516,16,1,0,400,86.4,183,81.0,14,66.7,31.0,0.53,0.1,0,796,0
Jeremy Monga,Leicester City,7,0,0,3,1,18,62.1,2,1,0,2,1,51,9,16,27,2,28.6,,,,,112,0,0,0,13,86.7,5,83.3,0,0.0,33.3,0.8,0.0,0,37,0
Jeremy Sarmiento,Brighton,1,0,0,0,0,6,100.0,0,0,0,0,0,8,0,6,2,0,,,,,,9,0,0,0,4,100.0,2,100.0,0,,,0.0,,0,6,0
Jesper Lindstrøm,Everton,25,0,1,28,10,297,69.4,45,25,12,3,17,625,127,206,303,8,18.6,,,,,1239,15,2,0,194,86.2,65,65.7,29,44.6,35.7,0.73,0.0,6,302,0
Joachim Andersen,Crystal Palace,1,0,0,1,1,61,73.5,1,1,0,0,7,93,38,50,5,0,,,,,,90,1,1,0,19,90.5,31,83.8,9,42.9,100.0,1.0,0.0,0,49,0
Joachim Andersen,Fulham,29,0,0,19,4,1654,82.7,27,18,34,28,188,2336,1233,1013,102,4,66.7,,,,,2583,29,6,1,456,91.8,918,93.2,269,55.2,21.1,0.14,0.0,0,1350,0
Joachim Kayi Sanda,Southampton,2,0,0,0,0,15,100.0,0,0,2,0,0,19,8,10,1,0,,,,,,14,0,0,0,3,100.0,11,100.0,1,100.0,,0.0,,0,14,0
Joe Aribo,Southampton,32,3,0,17,7,929,88.8,47,33,20,11,32,1271,313,670,299,21,42.9,,,,,2013,21,1,0,514,91.3,357,91.3,31,68.9,41.2,0.31,0.18,0,745,0
Joe Gomez,Liverpool,9,0,0,3,2,377,88.7,13,10,7,6,20,481,183,264,37,0,,,,,,519,6,1,0,155,91.2,191,93.6,26,61.9,66.7,0.35,0.0,0,303,0
Joe Lumley,Southampton,3,0,0,0,0,106,70.2,0,0,0,0,3,164,161,3,0,0,,13,65.0,0,,270,3,0,0,42,95.5,42,91.3,21,35.6,,0.0,,0,103,0
Joe Willock,Newcastle Utd,32,0,2,18,3,300,82.6,30,17,6,6,7,533,74,231,239,12,34.3,,,,,1086,11,4,0,174,89.2,107,87.0,10,45.5,16.7,0.25,0.0,0,325,0
Joel Ward,Crystal Palace,2,0,0,0,0,14,58.3,2,0,0,0,3,32,17,15,1,0,0.0,,,,,71,1,1,0,4,57.1,8,80.0,2,33.3,,0.0,,0,15,0
Joelinton,Newcastle Utd,29,4,3,45,13,863,82.7,57,35,23,7,47,1360,256,670,448,15,32.6,,,,,2393,29,10,0,529,87.7,277,86.6,33,60.0,28.9,0.49,0.09,0,729,0
John McGinn,Aston Villa,34,1,4,31,5,699,81.9,33,24,14,2,18,1072,164,558,361,20,42.6,,,,,2223,27,7,0,336,91.6,285,85.8,64,57.7,16.1,0.2,0.03,1,581,0
John Stones,Manchester City,11,2,0,2,2,367,91.1,6,2,4,3,19,442,142,234,68,2,100.0,,,,,548,6,1,0,169,94.4,161,92.5,31,77.5,100.0,0.33,1.0,0,292,0
Jonny Evans,Manchester Utd,7,0,0,2,1,192,88.5,8,6,5,2,15,250,139,100,15,1,100.0,,,,,315,3,1,0,90,94.7,89,89.0,7,50.0,50.0,0.29,0.0,0,143,0
Jordan Ayew,Crystal Palace,1,0,0,1,0,8,80.0,1,0,0,0,0,12,0,7,5,0,,,,,,21,0,1,0,3,100.0,4,66.7,1,100.0,0.0,0.0,0.0,0,6,0
Jordan Ayew,Leicester City,30,5,0,31,8,401,74.3,27,15,12,2,19,798,103,407,312,26,40.6,,,,,1638,19,5,0,219,86.9,138,75.4,24,40.7,25.8,0.44,0.13,4,479,1
Jordan Pickford,Everton,38,0,1,0,0,1057,66.3,1,0,1,0,30,1708,1640,69,0,0,,117,73.0,2,100.0,3420,38,7,0,152,99.3,459,98.5,445,46.1,,0.0,,0,989,0
Jorge Cuenca,Fulham,8,0,0,1,0,145,83.8,6,2,2,4,26,214,134,74,7,2,100.0,,,,,351,4,0,0,51,91.1,83,89.2,7,35.0,0.0,0.0,0.0,0,89,0
Jorginho,Arsenal,15,0,0,2,0,411,86.7,12,4,7,0,2,522,93,304,131,1,25.0,,,,,704,9,5,0,215,91.5,168,88.4,21,58.3,0.0,0.0,0.0,0,302,0
Joshua Acheampong,Chelsea,4,0,0,2,0,104,83.9,2,1,1,0,2,137,48,81,8,1,50.0,,,,,170,2,1,0,29,90.6,63,92.6,11,55.0,0.0,0.0,0.0,0,106,0
Joshua King,Fulham,8,0,0,3,0,54,84.4,7,5,1,0,1,87,12,31,46,4,50.0,,,,,130,1,0,0,29,90.6,21,87.5,3,75.0,0.0,0.0,0.0,0,44,0
Joshua Zirkzee,Manchester Utd,32,3,1,28,11,292,71.2,14,8,6,4,8,587,71,303,219,11,31.4,,,,,1402,14,2,0,196,78.1,61,74.4,9,50.0,39.3,0.71,0.11,0,327,0
José Sá,Wolves,29,0,0,0,0,592,64.1,2,2,0,0,15,985,976,10,0,8,100.0,69,63.2,2,28.6,2609,29,2,0,120,99.2,325,97.0,143,31.1,,0.0,,0,630,0
Jota Silva,Nott'ham Forest,31,3,1,23,7,118,60.2,27,14,12,1,17,357,83,104,181,10,29.4,,,,,854,5,5,0,66,76.7,37,61.7,6,31.6,30.4,0.74,0.13,0,175,0
João Félix,Chelsea,12,1,1,20,5,171,85.9,8,3,3,0,2,272,26,128,125,10,32.3,,,,,369,3,2,0,95,90.5,62,91.2,10,66.7,25.0,1.22,0.05,0,193,0
João Gomes,Wolves,36,3,1,35,7,1380,85.0,116,71,25,4,33,1998,431,1105,491,30,46.2,,,,,2974,35,11,1,813,90.7,430,86.3,66,58.9,20.0,0.21,0.09,0,1059,0
João Pedro,Brighton,27,10,6,42,15,482,72.9,16,12,9,0,12,940,60,387,508,29,33.7,,,,,1948,23,4,1,300,78.7,133,75.1,29,65.9,35.7,0.69,0.12,0,616,5
Joël Veltman,Brighton,21,0,0,6,1,745,80.2,43,29,19,7,66,1133,332,558,253,4,26.7,,,,,1697,19,5,0,365,89.9,307,80.8,63,63.6,16.7,0.05,0.0,0,548,0
Joško Gvardiol,Manchester City,37,5,0,40,12,2454,90.2,58,39,44,20,122,3103,764,1549,815,25,58.1,,,,,3277,36,2,0,1198,94.0,1128,92.7,107,66.0,30.0,0.33,0.13,0,1997,0
Julian Araujo,Bournemouth,12,0,0,0,0,178,79.1,10,5,6,0,18,275,90,136,55,0,0.0,,,,,497,7,2,0,84,89.4,83,86.5,10,34.5,,0.0,,0,126,0
Julio Enciso,Brighton,12,0,0,20,11,99,66.0,0,0,0,0,1,202,17,72,116,10,47.6,,,,,294,2,0,0,61,81.3,29,72.5,5,22.7,55.0,3.37,0.0,1,114,0
Julio Enciso,Ipswich Town,13,2,3,32,11,171,69.0,12,9,1,1,6,406,52,202,167,30,45.5,,,,,869,12,3,0,79,77.5,72,74.2,10,45.5,34.4,1.14,0.06,1,205,0
Julio Soler,Bournemouth,3,0,0,0,0,11,78.6,1,1,0,0,0,17,3,6,8,0,,,,,,11,0,0,0,11,84.6,0,0.0,0,,,0.0,,0,12,0
Jurriën Timber,Arsenal,30,1,3,14,4,1194,85.6,58,38,22,4,44,1661,304,859,505,24,45.3,,,,,2417,27,7,0,674,91.0,472,86.0,27,52.9,28.6,0.15,0.07,0,890,0
Justin Devenny,Crystal Palace,23,1,1,10,6,148,72.2,17,12,0,1,11,279,53,149,83,2,50.0,,,,,507,4,1,0,77,81.1,51,71.8,14,48.3,60.0,1.07,0.1,1,134,0
Justin Kluivert,Bournemouth,34,12,6,57,23,582,74.4,23,11,14,0,24,1086,99,366,641,36,41.4,,,,,2340,29,8,0,322,84.3,189,76.2,45,51.7,40.4,0.88,0.11,0,646,6
Jáder Durán,Aston Villa,20,7,0,31,15,115,70.6,8,7,0,0,13,263,36,110,122,3,21.4,,,,,638,4,3,1,68,81.0,34,68.0,5,45.5,48.4,2.12,0.23,0,133,0
Jørgen Strand Larsen,Wolves,35,14,4,54,33,295,64.6,10,6,6,4,29,736,85,348,304,8,40.0,,,,,2587,30,4,0,182,71.7,73,65.2,14,70.0,61.1,1.15,0.26,0,345,0
Kaelan Casey,West Ham,1,0,0,0,0,0,,0,0,0,0,1,1,1,0,0,0,,,,,,1,0,0,0,0,,0,,0,,,0.0,,0,0,0
Kai Havertz,Arsenal,23,9,3,53,21,407,78.4,16,9,6,4,33,785,92,287,411,9,23.7,,,,,1875,21,5,0,286,84.1,95,82.6,5,45.5,39.6,1.01,0.17,0,418,0
Kalvin Phillips,Ipswich Town,19,0,0,11,2,436,79.1,35,19,19,6,37,739,223,398,122,5,41.7,,,,,1237,14,6,1,162,83.1,208,86.7,60,61.2,18.2,0.15,0.0,3,310,0
Kamaldeen Sulemana,Southampton,26,1,1,29,8,285,79.8,22,17,6,4,9,587,92,219,301,39,37.9,,,,,1402,17,2,0,177,88.1,86,83.5,13,46.4,27.6,0.51,0.03,0,380,0
Kaoru Mitoma,Brighton,36,10,4,57,27,749,75.8,45,27,14,3,10,1375,155,468,782,52,39.7,,,,,2603,28,1,0,505,87.2,189,71.3,23,44.2,47.4,0.93,0.18,0,830,0
Kasey McAteer,Leicester City,18,1,1,13,7,183,72.6,23,16,5,2,15,379,76,141,169,6,24.0,,,,,852,9,3,0,118,84.3,54,75.0,6,50.0,53.8,0.74,0.08,0,224,0
Keane Lewis-Potter,Brentford,38,1,3,28,14,982,77.1,49,27,21,10,76,1613,504,625,505,41,40.6,,,,,3093,36,7,0,532,90.0,335,78.6,88,48.6,50.0,0.41,0.04,1,868,0
Kenny Tete,Fulham,22,0,2,24,2,772,80.8,56,38,32,12,67,1205,402,484,329,9,45.0,,,,,1774,21,5,0,405,91.4,285,80.7,61,56.5,8.3,0.1,0.0,0,611,0
Kepa Arrizabalaga,Bournemouth,31,0,0,1,0,752,73.2,1,0,0,0,15,1087,1057,29,1,1,100.0,95,73.9,0,0.0,2790,31,3,0,120,98.4,390,98.2,241,48.2,0.0,0.0,0.0,0,621,0
Kevin Danso,Tottenham,10,0,0,7,3,480,86.5,7,5,6,14,71,676,394,257,29,2,66.7,,,,,842,9,0,0,146,89.6,297,92.8,33,54.1,42.9,0.32,0.0,0,448,0
Kevin De Bruyne,Manchester City,28,4,7,57,15,908,75.9,17,9,7,0,10,1368,75,455,850,13,38.2,,,,,1702,19,2,0,459,85.5,346,77.1,90,56.6,26.3,0.79,0.07,8,812,0
Kevin Schade,Brentford,38,11,2,55,27,323,59.7,39,25,5,4,34,883,154,238,507,30,33.7,,,,,2293,26,3,0,185,69.8,111,61.7,18,41.9,49.1,1.06,0.2,0,434,0
Kieran Tierney,Arsenal,13,1,0,2,1,145,83.8,7,5,3,0,9,199,36,72,91,2,50.0,,,,,259,2,0,0,69,94.5,65,83.3,8,53.3,50.0,0.35,0.5,0,108,0
Kieran Trippier,Newcastle Utd,25,0,3,4,0,1036,82.5,38,21,12,3,49,1388,375,616,406,4,50.0,,,,,1309,14,1,0,500,94.5,432,85.7,83,48.3,0.0,0.0,0.0,2,609,0
Kiernan Dewsbury-Hall,Chelsea,13,0,1,1,0,127,83.6,8,5,2,0,9,184,30,96,58,2,50.0,,,,,264,2,0,0,75,91.5,47,83.9,5,50.0,0.0,0.0,0.0,0,95,0
Kim Jisoo,Brentford,3,0,0,0,0,25,89.3,0,0,0,0,2,30,15,12,3,0,,,,,,30,0,0,0,8,88.9,11,91.7,6,85.7,,0.0,,0,15,0
Kobbie Mainoo,Manchester Utd,25,0,0,15,2,723,86.5,46,29,19,2,14,1061,197,587,287,23,46.0,,,,,1651,19,5,0,452,92.2,192,87.7,31,68.9,13.3,0.11,0.0,0,652,0
Konstantinos Mavropanos,West Ham,33,0,0,18,5,1092,86.3,35,24,40,18,126,1532,806,671,63,9,52.9,,,,,2045,21,6,1,341,91.4,643,92.8,102,58.0,27.8,0.22,0.0,0,864,0
Kosta Nedeljković,Aston Villa,5,0,0,0,0,47,88.7,7,5,0,0,3,66,15,32,19,1,50.0,,,,,126,0,0,0,22,95.7,21,84.0,4,80.0,,0.0,,0,27,0
Kostas Tsimikas,Liverpool,18,0,1,4,2,550,84.1,31,20,11,2,20,741,190,327,229,5,41.7,,,,,837,9,2,0,267,94.7,222,87.7,49,51.0,50.0,0.22,0.0,0,368,0
Kristoffer Ajer,Brentford,24,0,0,9,3,504,78.3,26,18,12,4,50,795,265,368,168,7,43.8,,,,,1438,17,5,0,260,87.0,199,80.2,27,50.0,33.3,0.19,0.0,0,387,0
Kyle Walker,Manchester City,15,0,0,5,2,724,87.7,17,10,3,4,13,892,197,473,228,3,50.0,,,,,970,9,3,0,367,94.6,305,91.3,42,51.2,40.0,0.19,0.0,0,499,0
Kyle Walker-Peters,Southampton,33,0,2,20,6,1493,88.2,44,29,19,15,90,2022,615,884,540,38,41.3,,,,,2918,33,5,0,832,93.9,573,90.0,56,60.2,30.0,0.19,0.0,0,1271,0
Lamare Bogarde,Aston Villa,8,0,0,1,1,240,88.2,14,6,1,3,13,325,95,191,40,2,50.0,,,,,476,5,2,0,129,92.8,107,92.2,3,33.3,100.0,0.19,0.0,0,173,0
Leandro Trossard,Arsenal,38,8,7,72,21,711,74.5,31,20,9,0,18,1278,135,399,762,38,44.2,,,,,2546,28,4,1,377,85.9,275,77.0,43,49.4,29.2,0.74,0.11,0,828,0
Leif Davis,Ipswich Town,33,1,2,16,2,919,71.6,46,27,25,8,77,1562,534,520,527,13,34.2,,,,,2743,32,5,1,430,86.2,396,77.8,79,37.1,12.5,0.07,0.06,2,708,0
Leny Yoro,Manchester Utd,21,0,0,5,1,708,92.4,29,11,18,3,43,894,413,414,70,2,50.0,,,,,1165,12,5,0,313,95.4,351,94.1,27,65.9,20.0,0.08,0.0,0,614,0
Leon Bailey,Aston Villa,24,1,2,28,6,277,71.0,7,5,3,0,12,545,77,155,323,22,38.6,,,,,1139,14,3,0,152,81.7,100,81.3,18,47.4,21.4,0.47,0.04,2,348,0
Lesley Ugochukwu,Southampton,26,1,1,10,1,600,85.0,50,24,14,10,23,879,215,501,169,19,67.9,,,,,1655,18,7,0,289,88.4,265,90.8,23,60.5,10.0,0.05,0.1,0,479,0
Levi Colwill,Chelsea,35,2,1,17,4,2338,89.3,47,34,33,25,118,2904,1363,1417,140,6,50.0,,,,,3149,35,9,0,813,92.4,1357,95.2,142,56.1,23.5,0.11,0.12,0,1621,0
Lewis Cook,Bournemouth,36,1,3,14,4,1224,77.2,81,42,41,11,70,1900,440,1010,470,13,65.0,,,,,2978,32,8,1,542,85.4,546,85.2,109,45.4,28.6,0.12,0.07,1,825,0
Lewis Dunk,Brighton,25,0,0,12,3,1778,91.0,17,10,13,18,79,2127,993,1031,113,0,0.0,,,,,2083,23,5,0,668,96.4,954,95.2,143,62.7,25.0,0.13,0.0,1,1341,0
Lewis Hall,Newcastle Utd,27,0,4,11,1,1300,81.7,58,41,18,18,75,1820,623,804,414,11,52.4,,,,,2189,24,3,0,653,91.3,525,85.1,104,51.5,9.1,0.04,0.0,0,950,0
Lewis Miley,Newcastle Utd,14,1,0,3,2,168,88.0,14,11,2,1,5,235,44,124,68,1,33.3,,,,,313,1,0,0,94,89.5,59,96.7,7,70.0,66.7,0.58,0.33,0,112,0
Lewis Orford,West Ham,2,0,0,1,0,33,86.8,0,0,1,0,0,42,8,28,7,0,,,,,,49,0,0,0,11,84.6,18,90.0,2,66.7,0.0,0.0,0.0,0,22,0
Liam Delap,Ipswich Town,37,12,2,66,29,219,61.3,11,8,2,0,28,682,78,291,335,40,46.5,,,,,2593,32,12,0,123,70.7,69,63.9,9,37.5,43.9,1.01,0.15,0,445,2
Lisandro Martínez,Manchester Utd,20,2,1,17,6,1200,89.4,40,24,32,8,57,1524,713,697,125,6,85.7,,,,,1751,20,7,0,522,94.2,601,93.0,64,55.2,35.3,0.31,0.12,0,1017,0
Lloyd Kelly,Newcastle Utd,10,0,1,3,0,146,80.7,5,4,1,4,17,215,105,94,19,2,66.7,,,,,303,4,2,0,57,87.7,78,89.7,10,41.7,0.0,0.0,0.0,0,120,0
Lucas Bergvall,Tottenham,27,0,1,12,2,629,87.4,39,19,24,8,22,885,188,478,232,21,46.7,,,,,1212,11,3,0,295,91.9,264,89.8,53,74.6,16.7,0.15,0.0,0,531,0
Lucas Digne,Aston Villa,32,0,4,13,3,956,74.9,65,38,25,4,89,1527,541,457,539,9,47.4,,,,,2351,28,4,0,483,88.0,389,78.4,62,40.0,23.1,0.11,0.0,5,683,0
Lucas Paquetá,West Ham,33,4,0,39,3,1126,77.3,66,37,18,4,37,1796,367,989,454,21,44.7,,,,,2380,27,10,0,590,84.3,389,78.7,119,64.7,7.7,0.11,0.05,4,921,2
Luis Díaz,Liverpool,36,13,5,71,30,736,84.2,39,26,7,0,7,1184,90,409,706,53,45.7,,,,,2399,28,2,0,394,88.5,254,86.1,60,81.1,42.3,1.13,0.18,0,780,0
Luis Guilherme,West Ham,12,0,0,4,1,58,86.6,1,0,3,0,2,99,19,40,41,7,53.8,,,,,150,1,0,0,37,97.4,16,88.9,5,62.5,25.0,0.6,0.0,0,51,0
Luis Sinisterra,Bournemouth,12,1,1,13,6,73,78.5,7,2,1,0,8,155,18,41,96,8,40.0,,,,,236,1,0,0,44,91.7,22,68.8,5,100.0,46.2,2.29,0.08,0,95,0
Luke Shaw,Manchester Utd,7,0,0,1,0,249,85.9,4,3,2,1,7,317,128,149,42,0,0.0,,,,,349,4,1,0,118,92.9,108,90.8,20,60.6,0.0,0.0,0.0,0,226,0
Luke Thomas,Leicester City,14,0,0,5,0,493,78.4,31,25,21,6,49,775,294,366,120,3,50.0,,,,,1110,13,3,0,245,91.8,205,81.7,35,42.7,0.0,0.0,0.0,0,371,0
Luke Woolfenden,Ipswich Town,15,0,0,1,0,496,88.3,9,6,19,14,76,694,407,278,9,0,,,,,,1187,12,2,0,178,96.7,274,93.8,39,52.7,0.0,0.0,0.0,0,368,0
Mads Hermansen,Leicester City,27,0,0,0,0,654,61.0,1,1,0,0,13,1147,1106,43,0,1,100.0,99,64.5,1,25.0,2385,27,1,0,151,97.4,312,94.8,191,32.7,,0.0,,0,734,0
Mads Roerslev,Brentford,19,0,2,5,2,422,78.7,18,8,4,5,35,645,234,268,146,7,36.8,,,,,1101,11,2,0,205,88.0,179,79.9,27,55.1,40.0,0.16,0.0,0,352,0
Malo Gusto,Chelsea,32,0,1,22,4,1198,86.5,45,29,24,8,49,1595,387,772,451,4,25.0,,,,,1862,19,4,0,585,93.2,517,88.4,68,60.7,18.2,0.19,0.0,0,882,0
Manuel Akanji,Manchester City,26,0,0,15,2,1632,93.6,19,12,9,8,64,1881,559,920,405,2,100.0,,,,,2014,23,3,0,776,95.6,757,95.2,84,74.3,13.3,0.09,0.0,0,1254,0
Manuel Ugarte Ribeiro,Manchester Utd,29,1,2,19,4,800,87.9,77,49,27,4,17,1161,331,639,211,18,56.3,,,,,1785,22,11,0,410,89.7,310,93.1,62,74.7,21.1,0.2,0.05,0,668,0
Marc Cucurella,Chelsea,36,5,1,24,11,1680,87.7,67,45,28,16,95,2244,677,1045,532,4,26.7,,,,,2988,33,10,1,841,94.0,737,89.4,69,56.1,45.8,0.33,0.21,0,944,0
Marc Guiu,Chelsea,3,0,0,0,0,11,68.8,1,1,0,0,0,22,2,8,12,0,0.0,,,,,73,0,0,0,9,69.2,1,50.0,0,,,0.0,,0,12,0
Marc Guéhi,Crystal Palace,34,3,2,15,7,1473,83.5,61,34,28,23,163,2131,1051,943,148,12,80.0,,,,,3059,34,9,1,549,90.7,760,89.0,152,55.5,46.7,0.21,0.2,0,1142,0
Marco Asensio,Aston Villa,13,3,1,22,9,242,77.3,7,5,2,1,3,386,38,158,200,12,63.2,,,,,743,9,2,0,138,90.8,84,81.6,11,33.3,40.9,1.09,0.14,1,242,0
Marcos Senesi,Bournemouth,17,0,0,3,0,561,76.3,39,21,14,7,58,889,391,427,82,6,60.0,,,,,1106,13,5,0,199,87.3,267,85.9,89,49.4,0.0,0.0,0.0,0,554,0
Marcus Harness,Ipswich Town,2,0,0,0,0,10,62.5,1,0,0,1,1,22,7,2,13,0,0.0,,,,,45,0,0,0,9,81.8,0,0.0,0,0.0,,0.0,,0,9,0
Marcus Rashford,Aston Villa,10,2,2,18,5,117,71.3,10,7,1,0,3,227,14,58,159,9,40.9,,,,,444,4,0,0,67,87.0,36,76.6,9,36.0,27.8,1.01,0.06,2,127,1
Marcus Rashford,Manchester Utd,15,4,1,16,9,253,73.8,7,4,4,0,7,440,35,189,222,9,23.1,,,,,978,12,2,0,168,83.6,56,65.9,14,50.0,56.3,0.83,0.25,0,293,0
Marcus Tavernier,Bournemouth,29,3,5,57,17,689,73.8,43,24,5,3,11,1196,135,468,622,28,43.1,,,,,1939,20,6,0,334,86.3,280,79.5,60,47.2,29.8,0.79,0.05,4,705,0
Mario Lemina,Wolves,17,1,3,18,5,493,80.4,51,31,27,7,50,809,324,378,119,10,62.5,,,,,1364,15,4,0,176,85.0,249,87.7,58,61.1,27.8,0.33,0.06,0,382,0
Mark Flekken,Brentford,37,0,2,0,0,1254,73.0,4,4,0,0,26,1824,1777,52,0,1,100.0,150,73.4,0,0.0,3275,37,1,0,154,98.1,678,97.6,422,49.2,,0.0,,0,1122,0
Mark Travers,Bournemouth,5,0,0,0,0,100,70.4,0,0,0,0,5,162,159,3,0,0,,20,80.0,0,,450,5,0,0,6,100.0,51,96.2,43,51.8,,0.0,,0,85,0
Marshall Munetsi,Wolves,14,2,1,22,7,152,71.7,24,10,6,1,18,364,58,182,128,3,27.3,,,,,1078,12,0,0,95,77.9,43,75.4,3,50.0,31.8,0.58,0.09,0,148,0
Martial Godo,Fulham,2,0,0,0,0,12,70.6,0,0,1,0,0,25,1,7,17,1,25.0,,,,,24,0,0,0,6,75.0,5,100.0,1,50.0,,0.0,,0,18,0
Martin Dúbravka,Newcastle Utd,10,0,0,0,0,265,79.6,0,0,0,0,3,350,337,14,0,0,,29,70.7,0,,900,10,0,0,58,100.0,161,100.0,45,40.2,,0.0,,0,202,0
Martin Ødegaard,Arsenal,30,3,8,48,15,1237,82.5,19,11,6,0,6,1694,126,708,875,25,42.4,,,,,2325,26,4,0,678,90.5,449,86.8,80,54.8,31.3,0.58,0.04,3,1174,1
Mason Holgate,Everton,1,0,0,0,0,2,100.0,0,0,0,0,0,3,0,2,1,0,,,,,,6,0,0,0,0,,1,100.0,1,100.0,,0.0,,0,1,0
Mason Mount,Manchester Utd,17,1,0,20,9,207,81.8,15,5,4,1,4,339,45,161,137,1,10.0,,,,,622,8,3,0,120,87.0,58,81.7,13,72.2,45.0,1.3,0.05,0,215,0
Massimo Luongo,Ipswich Town,11,0,0,0,0,50,75.8,9,6,2,2,2,87,34,33,20,0,,,,,,201,2,0,0,30,88.2,15,75.0,3,37.5,,0.0,,0,46,0
Mateo Kovačić,Manchester City,31,6,2,45,12,1742,92.6,69,38,24,0,21,2123,318,1199,627,22,53.7,,,,,2198,25,5,1,919,95.0,735,95.5,69,65.7,26.7,0.49,0.13,0,1445,0
Mateus Fernandes,Southampton,36,2,4,42,14,1087,79.9,89,48,28,8,35,1760,385,867,547,49,45.0,,,,,2909,34,8,0,510,87.9,415,85.9,110,56.1,33.3,0.43,0.05,4,897,0
Mateus Mane,Wolves,1,0,0,0,0,4,80.0,0,0,0,0,0,6,0,6,0,0,,,,,,2,0,0,0,3,75.0,1,100.0,0,,,0.0,,0,2,0
Matheus Cunha,Wolves,33,15,6,110,44,811,71.6,38,22,17,1,23,1561,181,695,733,61,44.5,,,,,2597,29,4,0,460,85.3,228,76.0,87,44.2,40.0,1.52,0.14,12,904,0
Matheus França,Crystal Palace,4,1,0,6,3,10,58.8,2,0,1,1,1,33,5,11,17,0,,,,,,55,0,0,0,6,85.7,4,66.7,0,,50.0,4.91,0.17,0,20,0
Matheus Nunes,Manchester City,26,1,6,9,4,1065,86.3,35,22,15,4,38,1416,251,560,614,19,46.3,,,,,1674,19,4,0,598,91.9,398,86.9,53,65.4,44.4,0.22,0.11,0,866,0
Mathias Jensen,Brentford,24,0,2,6,1,363,74.7,14,10,8,4,13,573,126,243,207,9,52.9,,,,,862,8,2,0,170,88.1,133,77.3,49,54.4,16.7,0.1,0.0,0,300,0
Mathis Amougou,Chelsea,1,0,0,0,0,7,100.0,0,0,0,0,0,9,2,4,3,0,,,,,,8,0,0,0,6,100.0,1,100.0,0,,,0.0,,0,7,0
Mathys Tel,Tottenham,13,2,1,22,8,185,69.5,16,6,2,1,8,414,58,150,217,15,28.3,,,,,911,11,2,0,89,79.5,71,73.2,20,58.8,36.4,0.79,0.05,1,266,1
Mats Wieffer,Brighton,25,1,3,9,4,594,85.1,58,34,17,2,28,867,223,450,206,7,46.7,,,,,1015,10,6,0,286,90.2,258,86.6,38,76.0,44.4,0.35,0.11,0,483,0
Matt Doherty,Wolves,30,2,1,10,3,1078,82.8,38,21,22,15,102,1534,614,748,190,11,52.4,,,,,2109,25,6,0,435,90.1,514,87.0,115,61.8,30.0,0.13,0.2,0,825,0
Matt O'Riley,Brighton,21,2,2,21,6,316,76.5,16,9,13,3,9,525,80,232,215,8,61.5,,,,,938,11,1,0,161,88.5,108,81.2,30,47.6,28.6,0.58,0.05,2,275,1
Matt Targett,Newcastle Utd,2,0,0,0,0,14,93.3,0,0,1,0,1,17,3,8,6,0,,,,,,21,0,0,0,9,90.0,4,100.0,1,100.0,,0.0,,0,4,0
Matthijs de Ligt,Manchester Utd,29,2,0,18,9,1241,89.9,30,22,33,21,96,1608,828,731,56,2,50.0,,,,,2123,25,3,0,454,94.2,728,94.4,53,49.1,50.0,0.38,0.11,0,1078,0
Matty Cash,Aston Villa,27,1,1,13,6,732,77.5,56,32,23,8,70,1186,432,463,304,19,47.5,,,,,2070,24,7,0,362,89.2,306,78.7,52,49.1,46.2,0.26,0.08,0,595,0
Matz Sels,Nott'ham Forest,38,0,0,0,0,519,52.0,1,1,0,0,26,1102,1082,20,0,0,,119,73.9,0,0.0,3420,38,4,0,79,100.0,168,98.2,271,36.9,,0.0,,0,528,0
Max Aarons,Bournemouth,3,0,0,0,0,50,79.4,2,2,1,1,0,73,19,40,15,0,0.0,,,,,86,1,0,0,21,84.0,24,82.8,4,57.1,,0.0,,0,41,0
Max Kilman,West Ham,38,0,1,13,2,1697,86.7,39,24,38,40,212,2374,1317,962,113,16,72.7,,,,,3348,38,5,0,546,91.9,990,93.0,150,56.6,15.4,0.05,0.0,0,1270,0
Maxence Lacroix,Crystal Palace,35,1,1,30,5,1207,81.7,68,41,54,22,207,1934,1184,672,85,8,57.1,,,,,3116,35,5,0,316,85.4,748,90.6,136,54.6,16.7,0.14,0.03,0,1030,0
Maxwel Cornet,Southampton,2,0,0,1,0,17,77.3,5,5,0,0,2,34,8,14,13,0,0.0,,,,,72,1,1,0,9,90.0,6,75.0,1,50.0,0.0,0.0,0.0,0,16,0
Michael Golding,Leicester City,1,0,0,0,0,0,,0,0,0,0,0,0,0,0,0,0,,,,,,1,0,0,0,0,,0,,0,,,0.0,,0,0,0
Michael Kayode,Brentford,12,0,1,2,0,184,76.3,17,11,7,0,19,313,101,121,97,9,50.0,,,,,528,6,2,0,88,87.1,78,78.8,18,48.6,0.0,0.0,0.0,0,144,0
Michael Keane,Everton,14,3,0,10,4,312,82.8,12,9,16,10,65,513,295,198,22,0,0.0,,,,,1049,11,5,0,96,88.9,146,91.3,67,75.3,40.0,0.34,0.3,0,229,0
Michail Antonio,West Ham,14,1,1,19,4,114,60.6,2,2,0,0,2,296,26,124,151,9,33.3,,,,,836,11,1,0,52,72.2,37,59.7,22,71.0,21.1,0.43,0.05,0,173,0
Micky van de Ven,Tottenham,13,0,2,6,2,729,90.9,10,6,10,8,39,895,460,408,36,4,50.0,,,,,1015,12,4,0,217,91.9,455,96.6,50,62.5,33.3,0.18,0.0,0,620,0
Miguel Almirón,Newcastle Utd,9,0,0,6,2,54,81.8,3,2,0,0,0,81,10,35,36,1,50.0,,,,,157,1,0,0,39,92.9,13,81.3,1,33.3,33.3,1.15,0.0,0,54,0
Mikel Merino,Arsenal,28,7,2,38,13,451,78.2,46,28,15,5,26,783,140,330,323,9,39.1,,,,,1586,17,4,1,285,86.9,128,77.6,17,54.8,34.2,0.74,0.18,0,388,0
Mikey Moore,Tottenham,10,0,1,3,0,67,69.8,2,1,1,0,4,142,17,43,83,2,11.8,,,,,366,3,0,0,42,93.3,18,60.0,2,28.6,0.0,0.0,0.0,0,106,0
Mikkel Damsgaard,Brentford,38,2,10,35,7,1107,72.4,83,44,27,3,31,1883,331,863,713,50,51.5,,,,,2911,34,2,0,551,85.8,390,73.4,134,51.1,20.0,0.22,0.06,3,1076,0
Milos Kerkez,Bournemouth,38,2,5,19,5,1346,75.8,52,26,45,11,106,2158,552,900,731,22,45.8,,,,,3336,38,4,0,747,89.8,481,78.0,84,38.5,26.3,0.13,0.11,0,1094,0
Mohamed Salah,Liverpool,38,29,18,121,50,892,70.6,21,11,9,0,5,1695,97,500,1119,58,42.3,,,,,3371,38,1,0,501,83.4,302,69.7,59,59.0,41.3,1.33,0.17,1,1149,9
Mohammed Kudus,West Ham,32,5,3,75,21,715,83.6,38,23,4,1,8,1274,171,536,612,92,44.2,,,,,2590,31,2,1,381,90.5,256,88.9,58,68.2,28.0,0.73,0.07,0,842,0
Moisés Caicedo,Chelsea,38,1,2,20,3,1967,89.7,114,73,49,10,60,2579,562,1570,476,29,45.3,,,,,3351,38,11,0,893,92.6,878,92.3,159,76.4,15.0,0.08,0.05,0,1409,0
Morato,Nott'ham Forest,26,0,0,2,1,238,77.0,22,14,10,5,78,457,270,170,19,2,100.0,,,,,907,6,5,0,107,87.0,108,83.7,15,42.9,50.0,0.1,0.0,0,164,0
Morgan Gibbs-White,Nott'ham Forest,34,7,8,61,21,993,78.3,43,22,23,5,29,1627,185,830,637,31,40.3,,,,,2803,34,11,1,540,85.2,336,82.2,73,58.9,34.4,0.67,0.11,4,923,0
Morgan Rogers,Aston Villa,37,8,10,55,20,664,73.2,43,22,6,7,20,1362,200,592,597,66,41.3,,,,,3114,37,10,0,374,81.3,203,76.0,49,75.4,36.4,0.58,0.15,0,794,0
Murillo,Nott'ham Forest,36,2,0,25,6,1138,78.5,53,36,36,45,249,1918,989,840,105,27,73.0,,,,,3188,36,6,0,420,90.1,535,87.8,161,49.2,24.0,0.17,0.08,3,821,0
Mykhailo Mudryk,Chelsea,7,0,0,1,1,28,66.7,2,2,0,1,1,62,12,15,38,3,37.5,,,,,151,1,0,0,17,70.8,10,66.7,1,50.0,100.0,0.6,0.0,0,39,0
Myles Lewis-Skelly,Arsenal,23,1,0,3,1,708,91.2,22,14,7,1,27,905,178,476,265,12,42.9,,,,,1369,15,3,2,394,96.1,291,91.8,14,58.3,33.3,0.07,0.33,0,526,0
Nasser Djiga,Wolves,5,0,0,0,0,40,83.3,0,0,2,0,4,58,17,39,2,0,,,,,,66,1,0,0,9,90.0,28,96.6,3,37.5,,0.0,,0,32,0
Nathan Aké,Manchester City,10,0,0,3,0,509,93.9,9,7,3,2,22,596,205,331,61,1,100.0,,,,,678,8,0,0,248,98.0,237,97.1,20,58.8,0.0,0.0,0.0,0,403,0
Nathan Broadhead,Ipswich Town,18,2,0,13,8,178,78.1,9,4,4,1,5,317,41,161,126,17,50.0,,,,,702,7,1,0,110,89.4,58,80.6,3,25.0,61.5,1.03,0.15,0,174,0
Nathan Butler-Oyedeji,Arsenal,1,0,0,1,1,0,,0,0,0,0,0,1,0,0,1,0,,,,,,7,0,0,0,0,,0,,0,,100.0,12.86,0.0,0,0,0
Nathan Collins,Brentford,38,2,3,17,6,1705,85.9,40,24,34,57,226,2435,1275,1002,169,6,50.0,,,,,3420,38,5,0,557,87.7,989,92.6,145,60.7,35.3,0.16,0.12,0,1289,0
Nathan Patterson,Everton,10,0,1,1,0,130,73.9,11,6,2,0,7,215,52,90,75,9,75.0,,,,,347,3,1,0,65,90.3,52,69.3,12,50.0,0.0,0.0,0.0,0,95,0
Nathan Wood-Gordon,Southampton,11,0,0,2,0,444,93.3,14,8,5,6,39,564,282,255,28,4,66.7,,,,,773,9,2,0,183,95.3,240,96.8,17,63.0,0.0,0.0,0.0,0,313,0
Nathaniel Clyne,Crystal Palace,13,0,0,2,0,171,76.0,12,8,3,2,14,273,111,125,37,0,0.0,,,,,483,5,1,0,72,80.9,84,88.4,14,46.7,0.0,0.0,0.0,0,158,0
Neco Williams,Nott'ham Forest,35,1,3,37,7,843,75.5,90,57,31,10,137,1565,558,574,453,18,39.1,,,,,2594,28,7,0,488,90.4,282,72.1,40,37.4,18.9,0.24,0.03,1,650,0
Neto,Bournemouth,2,0,0,0,0,40,64.5,0,0,0,0,1,70,70,0,0,0,,11,84.6,0,,180,2,0,0,7,100.0,21,100.0,12,36.4,,0.0,,0,35,0
Nick Pope,Newcastle Utd,28,0,0,0,0,575,73.5,0,0,1,0,32,872,857,15,0,0,,86,71.7,1,50.0,2520,28,2,0,120,99.2,300,98.4,151,43.0,,0.0,,0,439,0
Niclas Füllkrug,West Ham,18,3,2,16,7,133,67.2,4,3,1,0,16,277,27,142,110,1,12.5,,,,,790,6,2,0,83,76.9,35,60.3,7,53.8,43.8,0.8,0.19,0,123,0
Nico O’Reilly,Manchester City,9,2,0,8,3,305,86.4,9,4,4,1,12,419,71,223,130,9,60.0,,,,,528,6,0,0,209,92.5,88,80.7,3,42.9,37.5,0.51,0.25,0,249,0
Nicolas Jackson,Chelsea,30,10,5,76,34,303,75.9,22,13,3,2,15,687,50,285,361,18,29.5,,,,,2220,28,7,1,182,81.6,92,78.0,9,60.0,44.7,1.38,0.13,0,417,0
Nicolás Domínguez,Nott'ham Forest,34,0,1,21,9,821,86.7,86,45,29,12,54,1218,303,630,295,3,33.3,,,,,1963,23,9,0,463,91.1,279,89.4,34,61.8,42.9,0.41,0.0,0,471,0
Nicolás González,Manchester City,11,1,0,9,2,575,92.0,16,6,8,0,21,713,116,439,161,1,16.7,,,,,760,9,3,0,332,96.0,223,92.1,14,63.6,22.2,0.24,0.11,0,425,0
Nikola Milenković,Nott'ham Forest,37,5,2,29,8,850,82.3,51,29,27,24,209,1412,775,552,89,1,100.0,,,,,3330,37,4,0,258,88.1,475,88.3,103,61.7,27.6,0.22,0.17,0,547,0
Noni Madueke,Chelsea,32,7,3,80,30,530,77.4,25,18,10,0,11,980,101,301,595,45,44.1,,,,,2033,27,3,0,325,86.2,164,76.3,22,53.7,37.5,1.33,0.09,0,641,0
Noussair Mazraoui,Manchester Utd,37,0,1,13,3,1526,85.7,115,68,34,9,95,2139,839,976,349,26,54.2,,,,,2838,34,3,0,834,91.3,574,89.1,73,56.2,23.1,0.1,0.0,0,1172,0
Nélson Semedo,Wolves,34,0,4,18,7,1096,80.8,62,36,23,10,104,1717,483,788,467,32,45.1,,,,,2886,32,8,0,598,91.6,409,83.5,59,46.1,38.9,0.22,0.0,0,901,0
Odsonne Édouard,Crystal Palace,2,0,0,5,1,17,60.7,1,0,0,0,1,45,4,23,18,0,0.0,,,,,115,1,0,0,11,68.8,4,57.1,1,100.0,20.0,0.78,0.0,0,24,0
Odsonne Édouard,Leicester City,4,0,0,0,0,6,75.0,1,1,0,0,1,20,2,7,11,1,50.0,,,,,29,0,0,0,3,75.0,1,100.0,0,,,0.0,,0,11,0
Ola Aina,Nott'ham Forest,35,2,1,11,2,994,73.5,55,42,33,12,115,1708,613,717,409,33,45.8,,,,,2995,35,5,0,530,88.6,374,74.5,57,34.3,18.2,0.06,0.18,0,749,0
Olabade Aluko,Leicester City,1,0,0,0,0,3,60.0,1,1,0,0,0,6,0,6,1,0,0.0,,,,,2,0,0,0,2,66.7,1,50.0,0,,,0.0,,0,2,0
Oleksandr Zinchenko,Arsenal,15,0,1,10,0,382,84.7,6,1,5,1,10,499,86,233,181,3,60.0,,,,,527,5,1,0,204,92.7,154,88.0,17,45.9,0.0,0.0,0.0,1,281,0
Oliver Scarles,West Ham,15,0,0,3,0,293,78.8,21,11,11,2,26,466,159,179,133,2,28.6,,,,,665,7,1,0,174,88.8,106,84.1,11,29.7,0.0,0.0,0.0,0,219,0
Oliver Skipp,Leicester City,24,0,0,5,1,419,83.5,21,4,11,7,11,612,141,383,92,7,58.3,,,,,1129,10,8,0,214,86.6,163,91.6,21,58.3,20.0,0.08,0.0,0,347,0
Ollie Watkins,Aston Villa,38,16,8,82,36,307,72.4,10,7,8,3,15,695,50,248,407,10,24.4,,,,,2598,31,2,0,192,78.0,85,77.3,9,69.2,43.9,1.25,0.17,0,409,2
Omar Marmoush,Manchester City,16,7,0,49,17,252,79.2,13,8,6,1,3,504,34,152,326,20,43.5,,,,,1175,14,0,0,164,85.0,69,78.4,9,56.3,34.7,1.3,0.14,7,320,0
Omari Hutchinson,Ipswich Town,31,3,2,45,18,690,78.0,32,13,11,2,15,1259,200,516,567,51,37.2,,,,,2583,30,5,0,353,88.5,283,83.5,38,52.1,40.0,0.63,0.07,4,779,0
Orel Mangala,Everton,19,1,0,16,6,437,89.2,16,8,21,3,24,621,133,335,157,14,58.3,,,,,1261,14,2,0,219,90.5,187,94.9,23,76.7,37.5,0.43,0.06,0,298,0
Oscar Bobb,Manchester City,3,0,0,0,0,13,86.7,0,0,0,0,0,15,2,6,7,2,100.0,,,,,16,0,0,0,8,80.0,4,100.0,0,,,0.0,,0,10,0
Pablo Sarabia,Wolves,23,3,2,17,8,308,69.2,16,8,4,0,7,552,58,271,226,6,40.0,,,,,814,7,3,0,144,87.3,110,74.8,36,45.0,47.1,0.88,0.18,2,325,0
Pape Matar Sarr,Tottenham,36,3,2,34,13,889,86.4,49,36,30,10,25,1253,274,699,302,11,36.7,,,,,1913,22,6,0,462,90.8,347,89.9,45,72.6,38.2,0.61,0.09,0,772,0
Patrick Dorgu,Manchester Utd,12,0,0,10,2,400,81.0,31,24,4,0,23,602,155,206,244,3,23.1,,,,,842,10,3,1,250,89.3,124,78.0,12,42.9,20.0,0.21,0.0,0,354,0
Patson Daka,Leicester City,23,1,0,15,4,106,72.1,19,10,1,1,12,252,46,114,97,2,13.3,,,,,736,6,0,0,64,80.0,33,73.3,3,100.0,26.7,0.49,0.07,0,141,0
Pau Torres,Aston Villa,24,0,0,8,2,1217,88.9,21,15,10,11,75,1518,701,726,97,15,88.2,,,,,2020,23,2,0,521,95.2,602,93.5,79,53.4,25.0,0.09,0.0,0,965,0
Paul Onuachu,Southampton,25,4,1,34,15,160,60.8,7,2,1,2,16,440,45,235,163,8,30.8,,,,,1050,11,4,0,84,62.7,45,64.3,12,63.2,44.1,1.29,0.12,0,214,0
Pedro Lima,Wolves,3,0,0,1,1,28,73.7,1,0,2,0,5,48,9,12,28,1,33.3,,,,,70,1,0,0,14,82.4,11,78.6,3,60.0,100.0,1.29,0.0,0,22,0
Pedro Neto,Chelsea,35,4,6,59,17,702,78.4,23,9,9,2,6,1153,100,336,735,34,32.7,,,,,2269,24,8,0,347,93.0,267,81.9,60,47.2,28.8,0.67,0.07,0,746,0
Pedro Porro,Tottenham,33,2,6,39,8,1385,73.2,66,49,36,17,84,2237,675,812,763,14,35.0,,,,,2610,28,5,0,674,87.6,541,79.6,142,43.4,20.5,0.28,0.05,4,1187,0
Pervis Estupiñán,Brighton,30,1,1,28,9,1338,83.1,65,43,37,5,65,1915,493,936,506,19,55.9,,,,,2402,26,5,0,782,93.2,451,83.5,74,46.8,32.1,0.34,0.04,3,1023,0
Phil Foden,Manchester City,28,7,2,54,16,791,84.1,13,5,9,1,7,1139,85,382,681,14,32.6,,,,,1777,20,2,0,469,90.9,242,89.3,67,59.8,29.6,0.81,0.13,2,722,0
Philip Billing,Bournemouth,10,0,0,5,1,70,68.6,14,5,5,0,2,148,20,72,57,1,33.3,,,,,184,1,1,0,43,84.3,19,70.4,4,26.7,20.0,0.49,0.0,0,58,0
Radu Drăgușin,Tottenham,16,0,0,5,1,716,85.2,10,6,15,16,49,961,510,430,30,0,0.0,,,,,1252,14,1,0,223,91.0,437,93.0,47,43.9,20.0,0.07,0.0,0,623,0
Raheem Sterling,Arsenal,17,0,2,11,0,158,78.6,9,4,1,0,4,274,10,58,209,10,33.3,,,,,499,7,1,0,103,88.0,43,75.4,3,75.0,0.0,0.0,0.0,2,201,0
Ramón Sosa,Nott'ham Forest,19,1,0,11,5,66,68.0,5,3,4,0,5,154,36,48,77,8,61.5,,,,,295,1,1,0,33,70.2,24,68.6,5,71.4,45.5,1.53,0.09,0,75,0
Rasmus Højlund,Manchester Utd,32,4,0,32,13,251,74.7,3,1,2,0,6,515,36,251,237,9,27.3,,,,,2004,23,2,0,183,81.0,42,67.7,4,66.7,40.6,0.58,0.13,0,308,0
Rayan Aït-Nouri,Wolves,37,4,7,36,10,1449,84.2,89,57,26,6,75,2148,577,916,685,63,46.0,,,,,3109,37,7,1,897,93.5,435,87.2,48,40.7,27.8,0.29,0.11,0,1129,0
Raúl Jiménez,Fulham,38,12,3,93,30,458,71.2,35,24,10,5,23,999,120,431,464,21,42.0,,,,,2494,30,4,0,265,81.3,138,73.4,33,60.0,32.3,1.08,0.1,1,549,3
Reece James,Chelsea,19,1,1,11,3,717,84.0,10,9,13,6,23,952,267,516,176,7,41.2,,,,,1063,12,1,0,333,93.3,317,89.3,57,49.1,27.3,0.25,0.09,3,486,0
Reiss Nelson,Arsenal,1,0,0,0,0,0,,1,0,0,0,1,2,1,1,0,0,,,,,,3,0,0,0,0,,0,,0,,,0.0,,0,1,0
Reiss Nelson,Fulham,11,1,1,12,6,232,86.6,8,6,5,0,2,347,30,110,212,13,37.1,,,,,487,5,1,0,136,92.5,77,84.6,12,63.2,50.0,1.11,0.08,0,259,0
Remy Rees-Dottin,Bournemouth,1,0,0,0,0,0,,0,0,0,0,0,0,0,0,0,0,,,,,,1,0,0,0,0,,0,,0,,,0.0,,0,0,0
Renato Veiga,Chelsea,7,0,0,3,1,118,84.9,9,6,1,1,2,167,61,82,27,3,60.0,,,,,181,1,2,0,45,88.2,55,90.2,13,61.9,33.3,0.5,0.0,0,85,0
Ricardo Pereira,Leicester City,10,0,0,2,1,207,83.5,13,8,4,3,11,296,90,166,41,6,66.7,,,,,388,4,1,0,98,88.3,91,84.3,13,86.7,50.0,0.23,0.0,0,151,0
Riccardo Calafiori,Arsenal,19,2,1,10,6,470,85.6,27,19,9,6,25,653,164,264,229,9,69.2,,,,,983,11,4,0,280,91.5,163,86.7,19,67.9,60.0,0.55,0.2,0,308,0
Richarlison,Tottenham,15,4,1,17,7,62,60.2,5,3,0,1,8,173,21,89,64,1,6.3,,,,,504,4,2,0,31,68.9,19,59.4,6,66.7,41.2,1.25,0.24,0,89,0
Rico Henry,Brentford,5,0,0,0,0,33,67.3,2,2,1,1,2,66,22,29,16,0,0.0,,,,,99,0,0,0,20,69.0,13,76.5,0,0.0,,0.0,,0,30,0
Rico Lewis,Manchester City,28,1,2,10,2,1201,91.5,30,19,13,7,45,1477,289,727,477,9,42.9,,,,,1893,21,5,1,721,94.6,438,94.0,28,63.6,20.0,0.1,0.1,0,865,0
Robert Sánchez,Chelsea,32,0,0,0,0,871,69.7,0,0,2,0,24,1323,1311,12,0,0,,92,76.4,1,20.0,2880,32,5,0,208,99.5,458,96.6,201,36.3,,0.0,,0,881,0
Robin Olsen,Aston Villa,4,0,0,0,0,65,64.4,1,0,0,0,2,110,109,1,0,0,,8,64.3,0,0.0,226,1,0,0,11,100.0,32,100.0,22,37.9,,0.0,,0,50,0
Rodri,Manchester City,3,0,0,0,0,64,94.1,2,1,1,0,1,74,14,37,24,0,0.0,,,,,73,1,0,0,31,96.9,25,89.3,7,100.0,,0.0,,0,39,0
Rodrigo Bentancur,Tottenham,26,2,0,22,5,946,87.9,40,22,40,8,38,1302,323,774,216,9,47.4,,,,,1645,21,9,0,450,90.7,425,92.6,47,74.6,22.7,0.27,0.09,0,764,0
Rodrigo Gomes,Wolves,25,2,0,7,3,212,68.6,23,15,7,1,20,417,101,141,182,5,33.3,,,,,810,7,0,0,121,79.6,72,72.7,8,28.6,42.9,0.33,0.29,0,217,0
Rodrigo Muniz,Fulham,31,8,1,39,19,92,64.8,10,5,5,2,14,311,27,161,127,6,33.3,,,,,964,8,1,0,46,67.6,31,68.9,11,84.6,48.7,1.77,0.21,0,157,0
Romain Esse,Crystal Palace,7,1,1,1,1,32,76.2,9,6,1,0,2,73,14,30,29,2,33.3,,,,,138,1,0,0,20,87.0,10,71.4,2,50.0,100.0,0.65,1.0,0,38,0
Roman Dixon,Everton,1,0,0,0,0,11,57.9,5,5,1,0,3,36,19,14,4,0,0.0,,,,,90,1,0,0,6,75.0,4,50.0,1,33.3,,0.0,,0,16,0
Roméo Lavia,Chelsea,16,0,1,2,0,389,91.7,22,13,16,0,10,493,109,319,71,10,62.5,,,,,797,11,4,0,179,91.8,184,94.8,21,84.0,0.0,0.0,0.0,0,295,0
Ronnie Edwards,Southampton,1,0,0,0,0,5,100.0,0,0,0,1,0,6,4,2,0,0,,,,,,12,0,0,0,0,,5,100.0,0,,,0.0,,0,3,0
Ross Barkley,Aston Villa,20,3,1,16,5,337,85.3,14,3,10,3,5,464,75,275,121,12,75.0,,,,,581,3,3,0,176,87.6,142,91.6,13,65.0,31.3,0.77,0.19,0,277,0
Ross Stewart,Southampton,12,1,0,9,2,67,70.5,6,4,1,0,7,140,25,55,62,3,60.0,,,,,389,4,1,0,34,75.6,25,78.1,0,0.0,22.2,0.46,0.11,0,64,0
Ryan Christie,Bournemouth,29,2,3,33,12,837,79.3,54,33,30,11,51,1376,256,773,372,23,47.9,,,,,2117,27,9,0,368,88.2,378,87.9,82,48.8,36.4,0.51,0.06,0,726,0
Ryan Fraser,Southampton,8,0,0,1,1,77,74.8,6,2,1,1,9,131,45,50,37,2,66.7,,,,,306,4,0,1,43,93.5,28,70.0,3,30.0,100.0,0.29,0.0,0,74,0
Ryan Gravenberch,Liverpool,37,0,4,20,5,1718,89.2,69,35,60,10,59,2343,509,1354,512,37,45.7,,,,,3160,37,6,1,917,92.5,680,92.3,64,61.5,25.0,0.14,0.0,0,1396,0
Ryan Manning,Southampton,24,0,1,8,1,619,77.1,28,17,17,11,47,968,260,397,321,11,30.6,,,,,1462,18,2,0,317,92.2,233,80.9,55,44.0,12.5,0.06,0.0,1,483,0
Ryan Sessegnon,Fulham,16,4,2,14,8,189,78.4,27,13,3,1,18,363,88,131,149,8,38.1,,,,,580,7,1,0,118,86.8,58,79.5,8,61.5,57.1,1.24,0.29,0,180,0
Ryan Trevitt,Brentford,1,0,0,0,0,4,57.1,1,1,0,0,0,7,2,4,1,0,,,,,,4,0,0,0,1,50.0,3,100.0,0,,,0.0,,0,4,0
Ryan Yates,Nott'ham Forest,35,2,1,33,9,618,81.5,42,21,26,10,61,1041,276,510,266,9,50.0,,,,,1915,18,10,0,324,87.6,225,85.6,32,57.1,27.3,0.42,0.06,0,425,0
Rúben Dias,Manchester City,27,0,0,21,7,2167,93.5,17,11,20,20,71,2499,837,1361,307,2,66.7,,,,,2271,25,4,0,900,96.9,1118,96.5,120,67.8,33.3,0.28,0.0,0,1775,0
Sam Johnstone,Wolves,7,0,0,0,0,184,66.2,0,0,0,0,7,306,304,2,0,0,,23,61.5,0,0.0,630,7,0,0,31,96.9,80,97.6,72,45.0,,0.0,,0,196,0
Sam Morsy,Ipswich Town,33,1,1,13,3,1249,86.4,68,41,29,13,47,1683,498,953,248,17,58.6,,,,,2751,31,10,0,637,92.9,502,91.9,79,56.8,23.1,0.1,0.08,0,852,0
Sammie Szmodics,Ipswich Town,20,4,0,21,12,149,74.1,16,10,6,2,14,318,80,125,119,4,33.3,,,,,992,13,2,0,72,87.8,54,83.1,15,51.7,57.1,1.09,0.19,0,179,0
Samuel Amo-Ameyaw,Southampton,2,0,0,1,0,8,88.9,1,0,0,0,0,16,5,5,7,0,0.0,,,,,28,0,1,0,6,100.0,2,66.7,0,,0.0,0.0,0.0,0,11,0
Samuel Edozie,Southampton,2,0,0,0,0,25,75.8,3,1,0,0,0,43,0,7,36,2,50.0,,,,,65,0,1,0,19,90.5,6,85.7,0,0.0,,0.0,,0,34,0
Sander Berge,Fulham,31,0,0,3,1,1091,91.5,50,30,21,8,38,1384,374,799,217,11,55.0,,,,,2224,26,6,0,452,92.1,526,94.4,96,83.5,33.3,0.04,0.0,0,804,0
Sandro Tonali,Newcastle Utd,36,4,2,35,12,1285,83.7,51,32,34,11,33,1818,406,991,450,20,54.1,,,,,2630,28,5,0,672,90.2,468,87.2,99,63.1,34.3,0.41,0.11,3,979,0
Santiago Bueno,Wolves,29,0,0,6,3,741,88.0,41,21,15,21,70,1025,522,485,21,0,0.0,,,,,1687,18,2,0,260,92.5,417,93.9,51,56.0,50.0,0.16,0.0,0,555,0
Saša Lukić,Fulham,30,0,2,18,2,1100,87.3,68,39,28,7,35,1493,332,843,331,8,47.1,,,,,2344,28,12,0,519,91.9,477,91.6,91,70.5,11.1,0.08,0.0,0,825,0
Scott McTominay,Manchester Utd,2,0,0,1,0,10,100.0,0,0,0,0,1,14,3,8,3,0,0.0,,,,,19,0,0,0,5,100.0,3,100.0,2,100.0,0.0,0.0,0.0,0,10,0
Sean Longstaff,Newcastle Utd,25,0,0,6,1,295,84.5,27,16,7,5,8,434,123,193,121,2,28.6,,,,,798,8,2,0,161,87.0,111,92.5,15,68.2,16.7,0.11,0.0,0,248,0
Sepp van den Berg,Brentford,31,0,0,20,6,1092,85.4,39,24,21,38,134,1605,819,621,169,4,57.1,,,,,2586,29,3,0,455,87.8,556,89.7,73,66.4,30.0,0.21,0.0,0,737,0
Sergio Reguilón,Tottenham,4,0,0,2,0,93,68.4,4,3,4,0,8,167,57,73,38,2,33.3,,,,,196,1,2,0,42,77.8,46,76.7,4,23.5,0.0,0.0,0.0,1,88,0
Shumaira Mheuka,Chelsea,1,0,0,1,1,0,,0,0,0,0,0,2,0,0,2,0,,,,,,1,0,0,0,0,,0,,0,,100.0,90.0,0.0,0,1,0
Simon Adingra,Brighton,29,2,2,33,8,290,75.9,23,14,8,0,6,548,66,174,315,21,42.0,,,,,1097,12,0,0,187,86.2,81,74.3,16,55.2,24.2,0.66,0.06,0,366,0
Solly March,Brighton,8,0,0,2,0,60,63.2,6,3,2,0,2,118,12,33,73,1,25.0,,,,,168,1,2,0,35,87.5,16,57.1,7,38.9,0.0,0.0,0.0,0,57,0
Son Heung-min,Tottenham,30,7,9,55,24,730,78.9,17,9,5,0,17,1134,115,362,668,29,34.9,,,,,2110,24,1,0,447,89.8,206,80.5,39,48.1,43.6,1.02,0.11,1,761,1
Stefan Ortega,Manchester City,13,0,0,0,0,373,81.3,0,0,0,0,11,492,489,3,0,0,,33,68.0,0,0.0,1100,12,1,0,102,97.1,190,96.9,79,51.3,,0.0,,0,323,0
Stephy Mavididi,Leicester City,30,4,1,26,7,460,75.0,34,19,11,2,15,863,132,327,421,35,36.8,,,,,1615,16,2,0,286,91.1,124,67.4,18,41.9,26.9,0.39,0.15,1,583,0
Sven Botman,Newcastle Utd,8,0,0,5,2,220,89.4,12,9,5,4,25,304,132,160,16,1,33.3,,,,,412,6,1,0,93,86.9,103,96.3,15,71.4,40.0,0.44,0.0,0,145,0
Sávio,Manchester City,29,1,8,55,21,692,80.8,23,17,6,2,9,1095,55,286,774,52,46.0,,,,,1766,21,3,0,423,90.0,227,80.2,31,55.4,38.2,1.07,0.02,1,783,0
Séamus Coleman,Everton,5,0,0,1,1,74,75.5,3,2,1,3,8,121,42,54,26,4,80.0,,,,,215,3,1,0,36,94.7,27,79.4,8,42.1,100.0,0.42,0.0,0,54,0
Taiwo Awoniyi,Nott'ham Forest,26,1,0,10,4,61,63.5,6,3,0,0,7,167,16,78,74,4,44.4,,,,,416,3,0,0,42,71.2,14,56.0,1,20.0,40.0,0.87,0.1,0,90,0
Takehiro Tomiyasu,Arsenal,1,0,0,1,0,3,75.0,0,0,0,0,1,7,4,1,2,0,,,,,,7,0,0,0,1,100.0,2,100.0,0,0.0,0.0,0.0,0.0,0,1,0
Tariq Lamptey,Brighton,15,2,2,6,2,335,81.1,17,11,7,7,23,535,161,224,154,10,32.3,,,,,860,10,0,0,185,93.0,128,79.0,19,47.5,33.3,0.21,0.33,0,292,0
Taylor Harwood-Bellis,Southampton,34,1,0,20,8,1892,87.4,28,20,30,43,141,2475,1158,1145,182,3,100.0,,,,,2825,32,9,0,683,92.4,1019,91.6,174,64.0,40.0,0.25,0.05,0,1433,0
Thiago,Brentford,8,0,0,2,0,40,71.4,5,3,2,0,3,83,15,34,36,3,60.0,,,,,175,1,0,0,20,71.4,13,81.3,3,60.0,0.0,0.0,0.0,0,45,0
Thomas Partey,Arsenal,35,4,2,26,9,1678,87.4,89,53,35,9,49,2193,457,1214,534,24,68.6,,,,,2797,31,4,0,874,92.8,682,88.9,91,63.6,34.6,0.29,0.15,0,1256,0
Tim Iroegbunam,Everton,18,0,1,5,0,115,72.8,29,14,16,4,12,269,89,127,60,8,40.0,,,,,574,5,4,0,54,74.0,42,84.0,14,70.0,0.0,0.0,0.0,0,127,0
Timo Werner,Tottenham,18,0,3,8,3,158,66.9,6,4,1,1,7,298,24,78,203,10,52.6,,,,,516,4,0,0,80,82.5,61,70.9,7,38.9,37.5,0.52,0.0,0,215,0
Timothy Castagne,Fulham,24,0,1,8,3,780,81.8,46,29,22,6,83,1164,449,462,259,5,41.7,,,,,1649,17,1,0,397,89.8,328,85.9,37,49.3,37.5,0.16,0.0,0,547,0
Toby Collyer,Manchester Utd,6,0,0,1,0,76,82.6,12,9,2,1,3,129,46,59,25,1,50.0,,,,,179,0,0,0,37,86.0,32,86.5,3,75.0,0.0,0.0,0.0,0,68,0
Tom Cairney,Fulham,25,2,0,11,4,569,90.7,13,5,4,1,3,683,123,347,223,5,38.5,,,,,628,3,3,1,316,94.0,206,92.4,42,77.8,36.4,0.57,0.18,2,456,0
Tom King,Wolves,1,0,0,0,0,0,0.0,0,0,0,0,0,1,1,0,0,0,,0,,0,,1,0,0,0,0,0.0,0,,0,,,0.0,,0,1,0
Tommy Doyle,Wolves,24,0,1,9,2,321,81.9,11,6,5,5,11,463,128,258,80,5,55.6,,,,,488,3,1,0,112,94.1,138,89.0,61,65.6,22.2,0.37,0.0,1,260,0
Tomáš Souček,West Ham,35,9,1,55,17,715,73.8,46,21,20,21,85,1280,355,626,303,6,50.0,,,,,2567,30,8,0,364,79.6,265,77.3,65,67.0,30.9,0.6,0.16,0,506,0
Tosin Adarabioyo,Chelsea,22,1,1,13,2,1079,91.1,17,13,11,7,80,1330,630,674,27,4,66.7,,,,,1409,15,4,0,406,95.5,603,94.8,66,60.6,15.4,0.13,0.08,0,777,0
Toti Gomes,Wolves,31,0,1,7,2,1473,85.9,61,43,25,17,152,2027,942,1000,108,20,62.5,,,,,2614,30,7,0,677,92.2,674,92.0,89,52.0,28.6,0.07,0.0,0,1205,0
Trent Alexander-Arnold,Liverpool,33,3,6,45,8,1448,73.5,72,50,31,9,55,2252,593,1013,660,17,45.9,,,,,2365,28,5,0,632,89.8,589,76.4,203,48.6,17.8,0.3,0.07,3,1183,0
Trevoh Chalobah,Chelsea,13,0,1,7,2,609,90.0,11,7,10,3,48,774,331,389,59,2,40.0,,,,,910,11,2,0,267,95.0,300,95.5,38,52.8,28.6,0.2,0.0,0,426,0
Trevoh Chalobah,Crystal Palace,12,3,0,11,4,349,79.0,20,16,19,9,57,594,275,276,51,6,60.0,,,,,1060,12,1,0,125,88.7,178,85.2,42,51.2,36.4,0.34,0.27,0,278,0
Tyler Adams,Bournemouth,28,0,3,9,2,902,84.4,83,50,32,10,42,1337,349,779,224,4,22.2,,,,,1965,21,7,0,437,89.4,393,88.7,38,58.5,22.2,0.09,0.0,0,663,0
Tyler Dibling,Southampton,33,2,0,28,9,504,81.3,34,20,8,5,16,868,129,390,369,45,40.9,,,,,1874,20,6,0,286,90.5,181,85.4,22,45.8,32.1,0.43,0.07,0,558,0
Tyler Fredricson,Manchester Utd,2,0,0,0,0,110,90.2,5,3,1,0,11,141,64,68,9,1,100.0,,,,,165,2,0,0,47,94.0,54,91.5,8,88.9,,0.0,,0,86,0
Tyrell Malacia,Manchester Utd,3,0,0,0,0,49,89.1,2,1,1,0,1,62,20,27,15,1,100.0,,,,,100,2,1,0,31,93.9,13,92.9,2,100.0,,0.0,,0,37,0
Tyrick Mitchell,Crystal Palace,37,0,5,12,3,976,72.0,91,55,19,12,108,1754,622,671,475,16,42.1,,,,,3092,37,2,0,509,84.8,383,74.8,61,41.5,25.0,0.09,0.0,0,820,0
Tyrique George,Chelsea,8,1,1,3,1,43,79.6,2,0,2,0,1,70,11,21,39,3,60.0,,,,,183,1,1,0,24,88.9,16,84.2,0,0.0,33.3,0.49,0.33,0,46,0
Tyrone Mings,Aston Villa,14,0,0,9,1,596,88.2,7,6,7,11,61,794,405,346,47,2,66.7,,,,,1120,12,1,0,234,91.4,323,94.4,34,53.1,11.1,0.08,0.0,0,484,0
Valentino Livramento,Newcastle Utd,37,0,1,6,2,1403,85.4,54,36,23,11,108,1964,619,894,482,25,44.6,,,,,2840,32,1,0,811,90.6,507,87.0,54,59.3,33.3,0.06,0.0,0,1023,0
Victor Bernth Kristiansen,Leicester City,30,0,1,3,0,1023,77.4,87,51,42,15,75,1614,577,722,329,8,44.4,,,,,2482,29,1,0,519,89.3,418,79.8,65,41.4,0.0,0.0,0.0,0,816,0
Victor Lindelöf,Manchester Utd,16,0,0,0,0,362,93.8,7,2,8,4,36,452,243,187,24,0,,,,,,704,6,1,0,154,94.5,184,96.3,20,76.9,,0.0,,0,263,0
Virgil van Dijk,Liverpool,37,3,1,27,8,2688,91.6,38,20,56,16,190,3301,1318,1827,166,3,60.0,,,,,3330,37,5,0,1100,96.2,1333,95.4,229,67.2,29.6,0.22,0.11,1,1856,0
Vitaliy Mykolenko,Everton,35,1,2,14,1,986,74.6,63,38,44,10,145,1678,525,713,452,8,40.0,,,,,3082,35,4,0,510,89.3,369,73.8,87,45.1,7.1,0.03,0.07,0,697,0
Vitaly Janelt,Brentford,32,1,3,14,4,872,82.5,38,22,27,9,53,1289,418,574,306,3,25.0,,,,,2254,27,3,0,443,90.6,344,85.4,66,55.9,28.6,0.16,0.07,0,651,0
Vitezslav Jaros,Liverpool,1,0,0,0,0,6,75.0,0,0,0,0,0,8,8,0,0,0,,1,100.0,0,,12,0,0,0,0,,1,100.0,5,71.4,,0.0,,0,7,0
Vitor Reis,Manchester City,1,0,0,0,0,2,100.0,0,0,0,0,1,3,2,1,0,1,100.0,,,,,1,0,0,0,0,,2,100.0,0,,,0.0,,0,2,0
Vladimír Coufal,West Ham,22,0,0,7,2,470,78.6,22,15,8,11,39,736,262,318,159,5,33.3,,,,,1067,11,5,0,247,90.8,184,80.7,28,38.9,28.6,0.17,0.0,0,298,0
Wataru Endo,Liverpool,20,0,0,0,0,182,93.8,12,8,6,1,9,237,65,124,49,2,100.0,,,,,273,1,0,0,91,93.8,77,96.3,8,100.0,,0.0,,0,110,0
Welington,Southampton,10,0,0,3,0,145,78.0,21,9,7,1,36,276,113,102,64,5,55.6,,,,,482,6,1,0,71,89.9,61,77.2,8,50.0,0.0,0.0,0.0,0,100,0
Wes Burns,Ipswich Town,18,0,1,7,1,153,60.5,13,11,10,2,13,350,69,129,160,9,37.5,,,,,926,12,1,0,82,80.4,51,65.4,14,38.9,14.3,0.1,0.0,0,216,0
Wesley Fofana,Chelsea,14,0,0,3,0,724,90.2,13,12,14,9,55,933,370,523,55,8,53.3,,,,,1172,14,7,0,306,93.9,385,92.5,26,61.9,0.0,0.0,0.0,0,557,0
Wilfred Ndidi,Leicester City,28,0,5,22,8,839,80.3,85,51,31,19,80,1400,461,699,253,13,39.4,,,,,2324,28,8,0,463,87.4,282,82.2,39,53.4,36.4,0.31,0.0,0,670,0
Will Alves,Leicester City,1,0,0,0,0,1,100.0,0,0,0,0,0,1,0,0,1,0,,,,,,1,0,0,0,1,100.0,0,,0,,,0.0,,0,1,0
Will Hughes,Crystal Palace,33,0,3,22,1,737,76.0,66,36,22,14,28,1203,295,615,308,5,31.3,,,,,2108,24,11,0,373,88.0,288,82.5,48,37.2,4.5,0.04,0.0,0,532,0
Will Lankshear,Tottenham,3,0,0,0,0,0,0.0,0,0,0,0,0,3,0,2,1,0,,,,,,11,0,0,0,0,0.0,0,,0,,,0.0,,0,3,0
William Osula,Newcastle Utd,14,1,0,4,1,18,62.1,2,0,4,0,2,56,4,21,32,3,50.0,,,,,134,0,0,0,14,70.0,3,60.0,0,0.0,25.0,0.67,0.25,0,37,0
William Saliba,Arsenal,35,2,0,6,2,2413,94.3,62,37,21,15,119,2824,1127,1571,142,12,63.2,,,,,3039,35,2,1,1026,95.8,1255,96.1,123,79.9,33.3,0.06,0.33,0,1756,0
William Smallbone,Southampton,18,1,0,7,1,270,75.8,20,13,2,0,14,431,83,213,139,4,66.7,,,,,690,6,1,0,130,84.4,112,85.5,20,37.7,14.3,0.13,0.14,1,193,0
Willian,Fulham,10,0,0,7,0,178,85.6,4,2,1,0,1,231,18,83,134,1,14.3,,,,,257,2,0,0,86,94.5,75,85.2,17,73.9,0.0,0.0,0.0,0,148,0
Willy Boly,Nott'ham Forest,6,0,0,1,1,55,78.6,6,1,3,2,12,97,63,32,2,0,,,,,,150,1,1,0,20,90.9,30,93.8,4,26.7,100.0,0.6,0.0,0,35,0
Wilson Odobert,Tottenham,16,1,0,13,4,212,77.4,14,5,4,0,5,381,46,142,197,12,37.5,,,,,850,9,0,0,139,92.7,54,74.0,8,66.7,30.8,0.42,0.08,0,265,0
Wout Faes,Leicester City,34,1,0,12,1,1376,88.0,42,26,26,35,185,1906,962,885,68,5,83.3,,,,,2815,30,4,0,537,94.4,724,94.9,110,53.9,8.3,0.03,0.08,0,1107,0
Woyo Coulibaly,Leicester City,4,0,0,2,1,48,84.2,6,4,5,1,1,76,27,31,20,0,0.0,,,,,109,1,1,0,28,82.4,16,84.2,4,100.0,50.0,0.83,0.0,0,48,0
Yankuba Minteh,Brighton,32,6,4,34,16,348,62.5,48,35,11,0,31,836,135,228,491,46,46.9,,,,,1838,20,6,0,200,77.8,107,62.2,31,46.3,47.1,0.78,0.18,0,481,0
Yasin Ayari,Brighton,34,2,1,28,8,793,81.5,59,32,20,6,26,1233,275,624,354,18,40.0,,,,,1965,22,3,0,465,91.4,269,84.3,40,40.8,28.6,0.37,0.07,2,655,0
Yehor Yarmoliuk,Brentford,31,0,0,9,2,661,87.0,49,28,13,9,33,960,277,501,203,13,48.1,,,,,1450,15,6,0,316,87.8,259,89.9,72,84.7,22.2,0.12,0.0,0,520,0
Yerson Mosquera,Wolves,5,0,0,2,0,205,85.4,11,7,10,10,14,294,170,115,12,0,,,,,,441,5,2,0,66,90.4,115,93.5,22,62.9,0.0,0.0,0.0,0,168,0
Yoane Wissa,Brentford,35,19,4,90,41,450,76.5,22,12,8,8,21,925,136,376,432,15,30.6,,,,,2919,34,5,0,284,85.8,124,74.7,28,57.1,45.6,1.26,0.21,0,550,0
Youri Tielemans,Aston Villa,36,3,7,40,12,1694,82.2,84,58,23,16,47,2385,479,1366,565,31,50.8,,,,,3026,35,4,0,787,89.8,737,87.3,140,54.1,30.0,0.36,0.08,0,1288,0
Youssef Chermiti,Everton,4,0,0,3,1,6,54.5,0,0,0,0,0,15,0,6,9,1,100.0,,,,,45,0,1,0,4,57.1,0,0.0,1,100.0,33.3,2.0,0.0,0,7,0
Yukinari Sugawara,Southampton,30,1,1,14,5,713,80.0,31,18,11,10,53,1066,327,410,334,9,45.0,,,,,1557,16,4,0,377,88.3,282,83.2,37,48.7,35.7,0.29,0.07,1,564,0
Yunus Emre Konak,Brentford,10,0,0,1,0,26,72.2,4,4,0,0,0,53,9,27,17,0,0.0,,,,,42,0,0,0,13,81.3,9,75.0,4,80.0,0.0,0.0,0.0,0,17,0
Yves Bissouma,Tottenham,28,2,0,11,4,755,88.6,49,31,18,6,40,1039,304,584,159,7,31.8,,,,,1408,16,7,0,413,92.2,278,92.7,36,60.0,36.4,0.26,0.18,0,610,0
Zain Silcott-Duberry,Bournemouth,1,0,0,0,0,1,50.0,1,1,0,0,0,3,1,0,2,0,,,,,,1,0,0,0,0,,1,100.0,0,,,0.0,,0,1,0
Álex Moreno,Nott'ham Forest,15,0,1,6,0,308,72.0,25,18,15,5,43,559,210,202,158,8,38.1,,,,,955,11,2,0,184,87.6,95,64.2,14,35.0,0.0,0.0,0.0,0,229,0
İlkay Gündoğan,Manchester City,33,1,6,27,7,1525,89.5,25,13,13,0,23,1892,270,929,714,17,41.5,,,,,2223,25,1,0,871,94.4,520,92.0,102,65.8,25.9,0.28,0.04,2,1118,0
Łukasz Fabiański,West Ham,14,0,0,0,0,332,67.1,0,0,0,0,5,530,525,5,0,3,100.0,50,74.6,0,0.0,1160,13,2,0,59,100.0,159,99.4,114,41.5,,0.0,,0,285,0
